<BattlePasses PremiumFlagCurrency="PremiumFlag" PremiumPackName="BPPremium" BattlePassPointsCurrency="BpPoint" BPEventKey="KeyAscension1_17" BpGift="BP_ASC_17_Gift">

	
	
	<BattlePass Name="PuppeteerTheatre_17" Atlas="PuppeteerTheatre" ProgressBarTextColor="{18_39_50}" BtnBuyTextColor="{18_39_50}" BtnClaimTextColor="{18_39_50}" TextOnScrollColor="{245_245_220}" Description="Desc" StartTime="2025-10-24T09:00:00Z" EndTime="2025-10-27T06:00:00Z" ProgressBarHint="BP_ProgressBarHint" ShowDojoProgressBar="1">

            <Level Number="1" Points="300" Loot="BP_LVL_01" Premium="true" />
            <Level Number="2" Points="600" Loot="BP_LVL_02" Premium="false" />
            <Level Number="3" Points="1100" Loot="BP_LVL_03" Replacement="BP_LVL_03_Replacement" Premium="true" />
            <Level Number="4" Points="1800" Loot="BP_LVL_04" Premium="true" />
            <Level Number="5" Points="2600" Loot="BP_LVL_05" Premium="true" />
            <Level Number="6" Points="3400" Loot="BP_LVL_06" Premium="true" />
            <Level Number="7" Points="5800" Loot="BP_LVL_07" Replacement="BP_LVL_07_Replacement" Premium="false" />
						
    </BattlePass>
    
   

</BattlePasses>