<Leagues RestoreCurrencyNameAtSeasonStart="Key0" RestoreCurrencyValueAtSeasonStart="5" LeaderboardUpdateInterval="600000" LeaderboardMaxRows="100">
  <Schedule CronSchedule="0 5 1-30/3 * *" />
  <DaySchedule CronSchedule="0 */12 * * *" />
  <Leaderboard>
    <TopRating PosTo="10" DanImage="textures/panels/top/dan_top10_0.png" DanImagePressed="textures/panels/top/dan_top10_1.png" TopBadgeImage="textures/raids/raid_info/ico/badge_top10.png"
		MedalImage="textures/raids/raid_info/ico/medal_gold.png" MedalTextColor="0x8C0707" />
    <TopRating PosTo="100" DanImage="textures/panels/top/dan_top100_0.png" DanImagePressed="textures/panels/top/dan_top100_1.png" TopBadgeImage="textures/raids/raid_info/ico/badge_top100.png"
      MedalImage="textures/raids/raid_info/ico/medal_silver.png" MedalTextColor="0x134552" />
  </Leaderboard>
  <League Dan="1" Icon="League_1" MaxSize="150" MinRewardRating="1">
    <Rewards>
        <Reward PosTo="1" LootContainerName="League_12_FirstPlace" DanUp="true"/>
        <Reward PosTo="5" LootContainerName="League_12_RunnersUp" DanUp="true"/>
		    <Reward PosTo="60" LootContainerName="League_12_Mid" DanUp="true"/>
        <Reward PosTo="9999" LootContainerName="League_12_Bottom" DanUp="false"/>
    </Rewards>
  </League>
  <League Dan="2" Icon="League_2" MinSize="50" MaxSize="150" MinRewardRating="1000">
   <Rewards>
        <Reward PosTo="1" LootContainerName="League_12_FirstPlace" DanUp="true"/>
        <Reward PosTo="5" LootContainerName="League_12_RunnersUp" DanUp="true"/>
		    <Reward PosTo="35" LootContainerName="League_12_Mid" DanUp="true"/>
        <Reward PosTo="9999" LootContainerName="League_12_Bottom" DanUp="false"/>
    </Rewards>
  </League>
  <League Dan="3" Icon="League_3" MinSize="50" MaxSize="150" MinRewardRating="2000">
    <Rewards>
        <Reward PosTo="1" LootContainerName="League_34_FirstPlace" DanUp="true"/>
        <Reward PosTo="5" LootContainerName="League_34_RunnersUp" DanUp="true"/>
		    <Reward PosTo="20" LootContainerName="League_34_Mid" DanUp="true"/>
        <Reward PosTo="9999" LootContainerName="League_34_Bottom" DanUp="false"/>
    </Rewards>
  </League>
  <League Dan="4" Icon="League_4" MinSize="50" MaxSize="150" MinRewardRating="3500">
    <Rewards>
        <Reward PosTo="1" LootContainerName="League_34_FirstPlace" DanUp="true"/>
        <Reward PosTo="5" LootContainerName="League_34_RunnersUp" DanUp="true"/>
		    <Reward PosTo="15" LootContainerName="League_34_Mid" DanUp="true"/>
        <Reward PosTo="9999" LootContainerName="League_34_Bottom" DanUp="false"/>
    </Rewards>
  </League>
  <League Dan="5" Icon="League_5" MinSize="50" MaxSize="150" MinRewardRating="4500">
    <Rewards>
        <Reward PosTo="1" LootContainerName="League_56_FirstPlace" DanUp="true"/>
        <Reward PosTo="5" LootContainerName="League_56_RunnersUp" DanUp="true"/>
		    <Reward PosTo="15" LootContainerName="League_56_Mid" DanUp="true"/>
        <Reward PosTo="9999" LootContainerName="League_56_Bottom" DanUp="false"/>
    </Rewards>
  </League>
 <League Dan="6" Icon="League_6" MinSize="50" MaxSize="150" MinRewardRating="6000" >
    <Rewards>
        <Reward PosTo="1" LootContainerName="League_56_FirstPlace" DanUp="true"/>
        <Reward PosTo="5" LootContainerName="League_56_RunnersUp" DanUp="true"/>
		    <Reward PosTo="15" LootContainerName="League_56_Mid" DanUp="true"/>
        <Reward PosTo="9999" LootContainerName="League_56_Bottom" DanUp="false"/>
    </Rewards>
  </League>
 <League Dan="7" Icon="League_7" MinSize="50" MaxSize="150" MinRewardRating="8000" >
    <Rewards>
        <Reward PosTo="1" LootContainerName="League_78_FirstPlace" DanUp="true"/>
        <Reward PosTo="5" LootContainerName="League_78_RunnersUp" DanUp="true"/>
		    <Reward PosTo="15" LootContainerName="League_78_Mid" DanUp="true"/>
        <Reward PosTo="9999" LootContainerName="League_78_Bottom" DanUp="false"/>
    </Rewards>
  </League>
 <League Dan="8" Icon="League_8" MinSize="50" MaxSize="150" MinRewardRating="15000" >
    <Rewards>
        <Reward PosTo="1" LootContainerName="League_78_FirstPlace" DanUp="true"/>
        <Reward PosTo="5" LootContainerName="League_78_RunnersUp" DanUp="true"/>
		    <Reward PosTo="15" LootContainerName="League_78_Mid" DanUp="true"/>
        <Reward PosTo="9999" LootContainerName="League_78_Bottom" DanUp="false"/>
    </Rewards>
  </League>  
	<League Dan="9" Icon="League_9" MinSize="50" MaxSize="150" MinRewardRating="20000" >
    <Rewards>
        <Reward PosTo="1" LootContainerName="League_910_FirstPlace" DanUp="true"/>
        <Reward PosTo="5" LootContainerName="League_910_RunnersUp" DanUp="true"/>
		    <Reward PosTo="15" LootContainerName="League_910_Mid" DanUp="true"/>
        <Reward PosTo="9999" LootContainerName="League_910_Bottom" DanUp="false"/>
    </Rewards>
  </League> 	
	<League Dan="10" Icon="League_10" MinSize="50" MaxSize="150" MinRewardRating="25000" >
    <Rewards>
        <Reward PosTo="1" LootContainerName="League_910_FirstPlace" DanUp="false"/>
        <Reward PosTo="5" LootContainerName="League_910_RunnersUp" DanUp="false"/>
		    <Reward PosTo="15" LootContainerName="League_910_Mid" DanUp="false"/>
        <Reward PosTo="9999" LootContainerName="League_910_Bottom" DanUp="false"/>
    </Rewards>
  </League> 	
	

</Leagues>	