<RaidItems>
  <Items>
      
      <Consumable Name="ARMOR_HW16_SET" Type="EQUIPMENT">
		<Perks>
			<Perk Name="PERK_ITEM_SPECIAL_OVERHEAT_DEFENSE_ARMOR">
				<Set Aspect="1000" />
			</Perk>
		</Perks>				
    </Consumable>
    <Consumable Name="HELM_1_HW16_SET" Type="EQUIPMENT">
		<Perks>
			<Perk Name="PERK_ITEM_SPECIAL_MAGIC_PAIN_RECHARGE_HELM">
				<Set Aspect="1000" />
			</Perk>
		</Perks>
    </Consumable>
    <Consumable Name="HELM_2_HW16_SET" Type="EQUIPMENT">
		<Perks>
			<Perk Name="PERK_ITEM_SPECIAL_MAGIC_PAIN_RECHARGE_HELM">
				<Set Aspect="1000" />
			</Perk>
		</Perks>
    </Consumable>		
    <Consumable Name="WEAPON_1_HW16_SET" Type="EQUIPMENT">
		<Perks>
			<Perk Name="PERK_ITEM_SPECIAL_BLEEDING_WEAPON">
				<Set Aspect="1000" />
			</Perk>
		</Perks>
    </Consumable>
    <Consumable Name="WEAPON_2_HW16_SET" Type="EQUIPMENT">
		<Perks>
			<Perk Name="PERK_ITEM_SPECIAL_BLEEDING_WEAPON">
				<Set Aspect="1000" />
			</Perk>
		</Perks>
    </Consumable>		
    <Consumable Name="RANGED_HW16_SET" Type="EQUIPMENT">
		<Perks>
			<Perk Name="PERK_ITEM_SPECIAL_STUN_RANGED">
				<Set Aspect="1000" />
			</Perk>
		</Perks>
    </Consumable>	
		
		
    <Consumable Name="ARMOR_XMAS16_SET" Type="EQUIPMENT">
        <Perks>
          <Perk Name="PERK_ITEM_SPECIAL_OVERHEAT_DEFENSE_ARMOR">
            <Set Aspect="582" />
          </Perk>
        </Perks>
    </Consumable>
    <Consumable Name="HELM_XMAS16_SET" Type="EQUIPMENT">
        <Perks>
          <Perk Name="PERK_ITEM_SPECIAL_MAGIC_PAIN_RECHARGE_HELM">
            <Set Aspect="582" />
          </Perk>
        </Perks>
    </Consumable>
    <Consumable Name="WEAPON_XMAS16_SET" Type="EQUIPMENT">
        <Perks>
          <Perk Name="PERK_ITEM_SPECIAL_BLEEDING_WEAPON">
            <Set Aspect="582" />
          </Perk>
        </Perks>
    </Consumable>
    <Consumable Name="RANGED_XMAS16_SET" Type="EQUIPMENT">
        <Perks>
          <Perk Name="PERK_ITEM_SPECIAL_BLEEDING_WEAPON">
            <Set Aspect="582" />	
          </Perk>
        </Perks>
    </Consumable>
		
  
    <Consumable Name="ARMOR_XMAS16_SANTA" Type="EQUIPMENT">
		<Perks>
			<Perk Name="PERK_ITEM_SPECIAL_REGENERATION_ARMOR">
				<Set Aspect="1000" />
			</Perk>
		</Perks>				
    </Consumable>
    <Consumable Name="HELM_XMAS16_HORNS" Type="EQUIPMENT">
		<Perks>
			<Perk Name="PERK_ITEM_SPECIAL_DAMAGE_RETURN_HELM">
				<Set Aspect="1000" />
			</Perk>
		</Perks>
    </Consumable>
    <Consumable Name="HELM_XMAS16_SANTA" Type="EQUIPMENT">
		<Perks>
			<Perk Name="PERK_ITEM_SPECIAL_REGENERATION_HELM">
				<Set Aspect="1000" />
			</Perk>
		</Perks>
    </Consumable>		
    <Consumable Name="WEAPON_XMAS16_CANDY" Type="EQUIPMENT">
		<Perks>
			<Perk Name="PERK_ITEM_SPECIAL_STUN_WEAPON">
				<Set Aspect="1000" />
			</Perk>
		</Perks>
    </Consumable>
    <Consumable Name="WEAPON_XMAS16_GLAIVE" Type="EQUIPMENT">
		<Perks>
			<Perk Name="PERK_ITEM_SPECIAL_ENFEEBLE_WEAPON">
				<Set Aspect="1000" />
			</Perk>
		</Perks>
    </Consumable>		
    <Consumable Name="RANGED_XMAS16_COOKIE" Type="EQUIPMENT">
		<Perks>
			<Perk Name="PERK_ITEM_SPECIAL_TIME_BOMB_RANGED">
				<Set Aspect="1000" />
			</Perk>
		</Perks>
    </Consumable>
    <Consumable Name="MAGIC_XMAS16_ICEBALL" Type="EQUIPMENT">
		<Perks>
			<Perk Name="PERK_ITEM_SPECIAL_BLOODRAGE_MAGIC">
				<Set Aspect="1000" />
			</Perk>
		</Perks>
    </Consumable>

		
  		
    <Consumable Name="ARMOR_HW17_CLOAK" Type="EQUIPMENT">
      <Perks>  
				<Perk Name="PERK_ITEM_SPECIAL_DAMAGE_RETURN_ARMOR">
					<Set Aspect="Auto" />
				</Perk>
			</Perks>
    </Consumable>
    <Consumable Name="MAGIC_HW17_VOODOO" Type="EQUIPMENT">
        <Perks>
          <Perk Name="PERK_ITEM_SPECIAL_BLEEDING_MAGIC">
						<Set Aspect="Auto" />
					</Perk>
        </Perks>
    </Consumable>
    <Consumable Name="HELM_HW17_CYLINDER" Type="EQUIPMENT">
			<Perks>
				<Perk Name="PERK_ITEM_SPECIAL_DAMAGE_RETURN_HELM">
					<Set Aspect="1000" />
				</Perk>
			</Perks>
    </Consumable>
    <Consumable Name="WEAPON_HW17_DAGGERS" Type="EQUIPMENT">
        <Perks>
          <Perk Name="PERK_ITEM_SPECIAL_BLEEDING_WEAPON">
						<Set Aspect="Auto" />
					</Perk>	
        </Perks>
    </Consumable>
    <Consumable Name="WEAPON_HW17_STAFF" Type="EQUIPMENT">
        <Perks>
          <Perk Name="PERK_ITEM_SPECIAL_MAGIC_DAMAGE_RECHARGE_WEAPON">
						<Set Aspect="Auto" />
					</Perk>	
        </Perks>
   </Consumable>
    <Consumable Name="RANGED_HW17_NEEDLES" Type="EQUIPMENT">
        <Perks>
          <Perk Name="PERK_ITEM_SPECIAL_FRENZY_RANGED">
					<Set Aspect="Auto" />
					</Perk>
        </Perks>
    </Consumable>

  		
    <Consumable Name="ARMOR_NY18_MANTLE" Type="EQUIPMENT">
      <Perks>  
				<Perk Name="PERK_ITEM_SPECIAL_SHIELDING_ARMOR">
					<Set Aspect="Auto" />
				</Perk>
			</Perks>
    </Consumable>
    <Consumable Name="HELM_NY18_HAT" Type="EQUIPMENT">
			<Perks>
				<Perk Name="PERK_ITEM_SPECIAL_CRITICAL_PROTECTION_HELM">
					<Set Aspect="Auto" />
				</Perk>
			</Perks>
    </Consumable>
    <Consumable Name="WEAPON_NY18_AXES" Type="EQUIPMENT">
        <Perks>
          <Perk Name="PERK_ITEM_SPECIAL_STUN_WEAPON">
						<Set Aspect="Auto" />
					</Perk>	
        </Perks>
    </Consumable>
    <Consumable Name="WEAPON_NY18_MACE" Type="EQUIPMENT">
        <Perks>
          <Perk Name="PERK_ITEM_SPECIAL_INTOXICATION_WEAPON">
						<Set Aspect="Auto" />
					</Perk>	
        </Perks>
   </Consumable>
    <Consumable Name="RANGED_NY18_DONUT" Type="EQUIPMENT">
        <Perks>
          <Perk Name="PERK_ITEM_SPECIAL_INTOXICATION_RANGED">
					<Set Aspect="Auto" />
					</Perk>
        </Perks>
    </Consumable>
    <Consumable Name="MAGIC_NY18_SNOWBALL" Type="EQUIPMENT">
        <Perks>
          <Perk Name="PERK_ITEM_SPECIAL_STUN_MAGIC">
					<Set Aspect="Auto" />
					</Perk>
        </Perks>
    </Consumable>

		
 	
  		
    <Consumable Name="ARMOR_VAL18_HOODIE" Type="EQUIPMENT">
		<Perks>
			<Perk Name="PERK_ITEM_SPECIAL_REGENERATION_ARMOR">
				<Set Aspect="1000" />
			</Perk>
		</Perks>				
    </Consumable>
    <Consumable Name="HELM_VAL18_PANDA" Type="EQUIPMENT">
		<Perks>
			<Perk Name="PERK_ITEM_SPECIAL_MAGIC_PAIN_RECHARGE_HELM">
				<Set Aspect="1000" />
			</Perk>
		</Perks>
    </Consumable>	
    <Consumable Name="WEAPON_VAL18_PANDA" Type="EQUIPMENT">
		<Perks>
			<Perk Name="PERK_ITEM_SPECIAL_TIME_BOMB_WEAPON">
				<Set Aspect="1000" />
			</Perk>
		</Perks>
    </Consumable>
    <Consumable Name="WEAPON_CHNY18_STAFF" Type="EQUIPMENT">
		<Perks>
			<Perk Name="PERK_ITEM_SPECIAL_OVERHEAT_WEAPON">
				<Set Aspect="1000" />
			</Perk>
		</Perks>
    </Consumable>
    <Consumable Name="ARMOR_CHNY18_TRADITIONAL" Type="EQUIPMENT">
		<Perks>
			<Perk Name="PERK_ITEM_SPECIAL_DAMAGE_RETURN_ARMOR">
				<Set Aspect="1000" />
			</Perk>
		</Perks>				
    </Consumable>
    <Consumable Name="HELM_CHNY18_TRADITIONAL" Type="EQUIPMENT">
		<Perks>
			<Perk Name="PERK_ITEM_SPECIAL_FRENZY_DEFENSE_HELM">
				<Set Aspect="1000" />
			</Perk>
		</Perks>
    </Consumable>
	
  
    <Consumable Name="ARMOR_HW19_SET" Type="EQUIPMENT">
		<Perks>
			<Perk Name="PERK_ITEM_SPECIAL_REGENERATION_ARMOR">
				<Set Aspect="1000" />
			</Perk>
		</Perks>				
    </Consumable>
    <Consumable Name="HELM_1_HW19_SET" Type="EQUIPMENT">
		<Perks>
			<Perk Name="PERK_ITEM_SPECIAL_REGENERATION_HELM">
				<Set Aspect="1000" />
			</Perk>
		</Perks>
    </Consumable>
    <Consumable Name="HELM_2_HW19_SET" Type="EQUIPMENT">
		<Perks>
			<Perk Name="PERK_ITEM_SPECIAL_DAMAGE_RETURN_HELM">
				<Set Aspect="1000" />
			</Perk>
		</Perks>
    </Consumable>		
    <Consumable Name="WEAPON_1_HW19_SET" Type="EQUIPMENT">
		<Perks>
			<Perk Name="PERK_ITEM_SPECIAL_MAGIC_DAMAGE_RECHARGE_WEAPON">
				<Set Aspect="1000" />
			</Perk>
		</Perks>
    </Consumable>
    <Consumable Name="WEAPON_2_HW19_SET" Type="EQUIPMENT">
		<Perks>
			<Perk Name="PERK_ITEM_SPECIAL_INTOXICATION_WEAPON">
				<Set Aspect="1000" />
			</Perk>
		</Perks>
    </Consumable>		
    <Consumable Name="RANGED_HW19_SET" Type="EQUIPMENT">
		<Perks>
			<Perk Name="PERK_ITEM_SPECIAL_PRECISION_RANGED">
				<Set Aspect="1000" />
			</Perk>
		</Perks>
    </Consumable>	    
	
		
    <Consumable Name="NY20_ARMOR_MANTLE" Type="EQUIPMENT">
      <Perks>  
        <Perk Name="PERK_ITEM_SPECIAL_SHIELDING_ARMOR">
          <Set Aspect="Auto" />
        </Perk>
      </Perks>
    </Consumable>
    <Consumable Name="NY20_HELM_HAT" Type="EQUIPMENT">
      <Perks>
        <Perk Name="PERK_ITEM_SPECIAL_CRITICAL_PROTECTION_HELM">
          <Set Aspect="Auto" />
        </Perk>
      </Perks>
    </Consumable>
    <Consumable Name="NY20_WEAPON_AXES" Type="EQUIPMENT">
      <Perks>
        <Perk Name="PERK_ITEM_SPECIAL_STUN_WEAPON">
          <Set Aspect="Auto" />
        </Perk>
      </Perks>
    </Consumable>
    <Consumable Name="NY20_WEAPON_MACE" Type="EQUIPMENT">
      <Perks>
        <Perk Name="PERK_ITEM_SPECIAL_INTOXICATION_WEAPON">
          <Set Aspect="Auto" />
        </Perk>	
      </Perks>
    </Consumable>
    <Consumable Name="NY20_RANGED_DONUT" Type="EQUIPMENT">
      <Perks>
        <Perk Name="PERK_ITEM_SPECIAL_INTOXICATION_RANGED">
          <Set Aspect="Auto" />
        </Perk>
      </Perks>
    </Consumable>
    <Consumable Name="NY20_MAGIC_SNOWBALL" Type="EQUIPMENT">
      <Perks>
        <Perk Name="PERK_ITEM_SPECIAL_STUN_MAGIC">
          <Set Aspect="Auto" />
        </Perk>
      </Perks>
    </Consumable>
    <Consumable Name="NY20_ARMOR_SANTA" Type="EQUIPMENT">
      <Perks>
        <Perk Name="PERK_ITEM_SPECIAL_REGENERATION_ARMOR">
          <Set Aspect="1000" />
        </Perk>
      </Perks>				
      </Consumable>
      <Consumable Name="NY20_HELM_HORNS" Type="EQUIPMENT">
      <Perks>
        <Perk Name="PERK_ITEM_SPECIAL_DAMAGE_RETURN_HELM">
          <Set Aspect="1000" />
        </Perk>
      </Perks>
      </Consumable>
      <Consumable Name="NY20_HELM_SANTA" Type="EQUIPMENT">
      <Perks>
        <Perk Name="PERK_ITEM_SPECIAL_REGENERATION_HELM">
          <Set Aspect="1000" />
        </Perk>
      </Perks>
      </Consumable>		
      <Consumable Name="NY20_WEAPON_CANDY" Type="EQUIPMENT">
      <Perks>
        <Perk Name="PERK_ITEM_SPECIAL_STUN_WEAPON">
          <Set Aspect="1000" />
        </Perk>
      </Perks>
      </Consumable>
      <Consumable Name="NY20_WEAPON_GLAIVE" Type="EQUIPMENT">
      <Perks>
        <Perk Name="PERK_ITEM_SPECIAL_ENFEEBLE_WEAPON">
          <Set Aspect="1000" />
        </Perk>
      </Perks>
      </Consumable>		
      <Consumable Name="NY20_RANGED_COOKIE" Type="EQUIPMENT">
      <Perks>
        <Perk Name="PERK_ITEM_SPECIAL_TIME_BOMB_RANGED">
          <Set Aspect="1000" />
        </Perk>
      </Perks>
      </Consumable>
      <Consumable Name="NY20_MAGIC_ICEBALL" Type="EQUIPMENT">
      <Perks>
        <Perk Name="PERK_ITEM_SPECIAL_BLOODRAGE_MAGIC">
          <Set Aspect="1000" />
        </Perk>
      </Perks>
      </Consumable>
      
    	
      
      <Consumable Name="NY21_ARMOR_CUIRASS" Type="EQUIPMENT">
      <Perks>
        <Perk Name="PERK_ITEM_SPECIAL_REGENERATION_ARMOR">
          <Set Aspect="1000" />
        </Perk>
      </Perks>				
      </Consumable>
      <Consumable Name="NY21_MAGIC_SNOW_CLOUD" Type="EQUIPMENT"> 
      <Perks>
        <Perk Name="PERK_ITEM_SPECIAL_BLOODRAGE_MAGIC">
          <Set Aspect="1000" />
        </Perk>
      </Perks>				
      </Consumable>
       <Consumable Name="NY21_RANGED_SNOWRIKENS" Type="EQUIPMENT">
          <Perks>
            <Perk Name="PERK_ITEM_SPECIAL_BLOODRAGE_MAGIC">
              <Set Aspect="1000" />
            </Perk>
          </Perks>				
      </Consumable>
      <Consumable Name="NY21_WEAPON_ICEKNUCKLES" Type="EQUIPMENT">
          <Perks>
            <Perk Name="PERK_ITEM_SPECIAL_MAGIC_PAIN_RECHARGE_HELM">
              <Set Aspect="1000" />
            </Perk>
          </Perks>				
      </Consumable>
       <Consumable Name="NY21_HELM_BREAD" Type="EQUIPMENT">
          <Perks>
            <Perk Name="PERK_ITEM_SPECIAL_FRENZY_DEFENSE_HELM">
              <Set Aspect="1000" />
            </Perk>
          </Perks>				
      </Consumable>
       <Consumable Name="NY21_HELM_ICED" Type="EQUIPMENT">
          <Perks>
            <Perk Name="PERK_ITEM_SPECIAL_REGENERATION_HELM">
              <Set Aspect="1000" />
            </Perk>
          </Perks>				
      </Consumable>
    
  		
    <Consumable Name="ARMOR_CHNY20_HOODIE" Type="EQUIPMENT">
      <Perks>
        <Perk Name="PERK_ITEM_SPECIAL_REGENERATION_ARMOR">
          <Set Aspect="1000" />
        </Perk>
      </Perks>				
      </Consumable>
    <Consumable Name="HELM_CHNY20_PANDA" Type="EQUIPMENT">
      <Perks>
        <Perk Name="PERK_ITEM_SPECIAL_MAGIC_PAIN_RECHARGE_HELM">
          <Set Aspect="1000" />
        </Perk>
      </Perks>
      </Consumable>	
    <Consumable Name="WEAPON_CHNY20_PANDA" Type="EQUIPMENT">
      <Perks>
        <Perk Name="PERK_ITEM_SPECIAL_TIME_BOMB_WEAPON">
          <Set Aspect="1000" />
        </Perk>
      </Perks>
      </Consumable>
    <Consumable Name="WEAPON_CHNY20_STAFF" Type="EQUIPMENT">
      <Perks>
        <Perk Name="PERK_ITEM_SPECIAL_OVERHEAT_WEAPON">
          <Set Aspect="1000" />
        </Perk>
      </Perks>
      </Consumable>
    <Consumable Name="ARMOR_CHNY20_TRADITIONAL" Type="EQUIPMENT">
      <Perks>
        <Perk Name="PERK_ITEM_SPECIAL_DAMAGE_RETURN_ARMOR">
          <Set Aspect="1000" />
        </Perk>
      </Perks>				
      </Consumable>
    <Consumable Name="HELM_CHNY20_TRADITIONAL" Type="EQUIPMENT">
      <Perks>
        <Perk Name="PERK_ITEM_SPECIAL_FRENZY_DEFENSE_HELM">
          <Set Aspect="1000" />
        </Perk>
      </Perks>
      </Consumable>
    <Consumable Name="RANGED_CHNY20_TRADITIONAL" Type="EQUIPMENT">
      <Perks>
        <Perk Name="PERK_ITEM_SPECIAL_BLEEDING_RANGED">
          <Set Aspect="1000" />
        </Perk>
      </Perks>
      </Consumable>
      
      	
      
     <Consumable Name="ARMOR_CHNY21_BULL" Type="EQUIPMENT">
      <Perks>
        <Perk Name="PERK_ITEM_SPECIAL_DAMAGE_ABSORPTION_BODY_ARMOR">
          <Set Aspect="1000" />
        </Perk>
      </Perks>				
      </Consumable>
      
    <Consumable Name="HELM_CHNY21_BULL" Type="EQUIPMENT">
      <Perks>
        <Perk Name="PERK_ITEM_SPECIAL_REGENERATION_HELM">
          <Set Aspect="1000" />
        </Perk>
      </Perks>
      </Consumable>	
      
    <Consumable Name="WEAPON_CHNY21_FAN" Type="EQUIPMENT">
      <Perks>
        <Perk Name="PERK_ITEM_SPECIAL_INTOXICATION_WEAPON">
          <Set Aspect="1000" />
        </Perk>
      </Perks>
      </Consumable>
      
    
    

  		
    <Consumable Name="ARMOR_VAL20_MANTLE" Type="EQUIPMENT">
		<Perks>
			<Perk Name="PERK_ITEM_SPECIAL_DAMAGE_ABSORPTION_BODY_ARMOR">
				<Set Aspect="1000" />
			</Perk>
		</Perks>				
    </Consumable>
    <Consumable Name="HELM_VAL20_WINGS" Type="EQUIPMENT">
		<Perks>
			<Perk Name="PERK_ITEM_SPECIAL_REGENERATION_HELM">
				<Set Aspect="1000" />
			</Perk>
		</Perks>
    </Consumable>	
    <Consumable Name="WEAPON_VAL20_SAI" Type="EQUIPMENT">
		<Perks>
			<Perk Name="PERK_ITEM_SPECIAL_MAGIC_DAMAGE_RECHARGE_WEAPON">
				<Set Aspect="1000" />
			</Perk>
		</Perks>
    </Consumable>
    <Consumable Name="WEAPON_VAL20_TRIDENT" Type="EQUIPMENT">
		<Perks>
			<Perk Name="PERK_ITEM_SPECIAL_ENFEEBLE_WEAPON">
				<Set Aspect="1000" />
			</Perk>
		</Perks>
    </Consumable>
    <Consumable Name="WEAPON_VAL20_FANS" Type="EQUIPMENT">
		<Perks>
			<Perk Name="PERK_ITEM_SPECIAL_INTOXICATION_WEAPON">
				<Set Aspect="1000" />
			</Perk>
		</Perks>
    </Consumable>		
    <Consumable Name="RANGED_VAL20_AXE" Type="EQUIPMENT">
		<Perks>
			<Perk Name="PERK_ITEM_SPECIAL_PRECISION_RANGED">
				<Set Aspect="1000" />
			</Perk>
		</Perks>
    </Consumable>
	
	
  <Consumable Name="ARMOR_HW17_CLOAK" Type="EQUIPMENT">
	<Perks>  
	<Perk Name="PERK_ITEM_SPECIAL_DAMAGE_RETURN_ARMOR">
		<Set Aspect="Auto" />
	</Perk>
	</Perks>
    </Consumable>
    <Consumable Name="MAGIC_HW17_VOODOO" Type="EQUIPMENT">
	<Perks>
	<Perk Name="PERK_ITEM_SPECIAL_BLEEDING_MAGIC">
		<Set Aspect="Auto" />
	</Perk>
        </Perks>
    </Consumable>
    <Consumable Name="HELM_HW17_CYLINDER" Type="EQUIPMENT">
	<Perks>
		<Perk Name="PERK_ITEM_SPECIAL_DAMAGE_RETURN_HELM">
			<Set Aspect="1000" />
		</Perk>
	</Perks>
    </Consumable>
    <Consumable Name="WEAPON_HW17_DAGGERS" Type="EQUIPMENT">
	<Perks>
		<Perk Name="PERK_ITEM_SPECIAL_BLEEDING_WEAPON">
			<Set Aspect="Auto" />
		</Perk>	
        </Perks>
    </Consumable>
    <Consumable Name="WEAPON_HW17_STAFF" Type="EQUIPMENT">
        <Perks>
           <Perk Name="PERK_ITEM_SPECIAL_MAGIC_DAMAGE_RECHARGE_WEAPON">
		<Set Aspect="Auto" />
	   </Perk>	
        </Perks>
   </Consumable>
    <Consumable Name="RANGED_HW17_NEEDLES" Type="EQUIPMENT">
        <Perks>
            <Perk Name="PERK_ITEM_SPECIAL_PRECISION_RANGED">
		<Set Aspect="Auto" />
	    </Perk>
        </Perks>
    </Consumable>
	<Consumable Name="ARMOR_WOODOO_HW20" Type="EQUIPMENT">
	<Perks>  
	  <Perk Name="PERK_ITEM_SPECIAL_SHIELDING_ARMOR">
		<Set Aspect="Auto" />
	  </Perk>
	</Perks>
    </Consumable>
    <Consumable Name="HELM_WOODOO_HW20" Type="EQUIPMENT">
        <Perks>
          <Perk Name="PERK_ITEM_SPECIAL_REGENERATION_HELM">
		<Set Aspect="Auto" />
	  </Perk>
        </Perks>
    </Consumable>
    <Consumable Name="RANGED_HW20_SKULL" Type="EQUIPMENT">
	<Perks>
	  <Perk Name="PERK_ITEM_SPECIAL_FRENZY_RANGED">
		<Set Aspect="1000" />
	  </Perk>
	</Perks>
    </Consumable>
    
    
    
    
    <Consumable Name="ARMOR_IND21_TWILIGHT" Type="EQUIPMENT">
	<Perks>
	  <Perk Name="PERK_ITEM_SPECIAL_SHIELDING_ARMOR">
		<Set Aspect="1000" />
	  </Perk>
	</Perks>
    </Consumable>
    
    <Consumable Name="ARMOR_IND21_HOODIE" Type="EQUIPMENT">
	<Perks>
	  <Perk Name="PERK_ITEM_SPECIAL_DAMAGE_ABSORPTION_BODY">
		<Set Aspect="1000" />
	  </Perk>
	</Perks>
    </Consumable>
    
    <Consumable Name="HELM_IND21_BLOOD" Type="EQUIPMENT">
	<Perks>
	  <Perk Name="PERK_ITEM_SPECIAL_REGENERATION_HELM">
		<Set Aspect="1000" />
	  </Perk>
	</Perks>
    </Consumable>
    
    <Consumable Name="HELM_IND21_TURBAN" Type="EQUIPMENT">
	<Perks>
	  <Perk Name="PERK_ITEM_SPECIAL_REJUVENATION_HELM">
		<Set Aspect="1000" />
	  </Perk>
	</Perks>
    </Consumable>
    
    <Consumable Name="WEAPON_IND21_KERIS" Type="EQUIPMENT">
	<Perks>
	  <Perk Name="PERK_ITEM_SPECIAL_OVERHEAT_WEAPON">
		<Set Aspect="1000" />
	  </Perk>
	</Perks>
    </Consumable>
    
    <Consumable Name="RANGED_IND21_KUNAI" Type="EQUIPMENT">
	<Perks>
	  <Perk Name="PERK_ITEM_SPECIAL_PRECISION_RANGED">
		<Set Aspect="1000" />
	  </Perk>
	</Perks>
    </Consumable>
    
    
        
    
    <Consumable Name="ARMOR_AE21_WARRIOR" Type="EQUIPMENT">
        <Perks>
          <Perk Name="PERK_ITEM_SPECIAL_MAGIC_PAIN_RECHARGE_ARMOR">
            <Set Aspect="1000" />
          </Perk>
        </Perks>
    </Consumable>

    <Consumable Name="HELM_AE21_ROACH" Type="EQUIPMENT">
        <Perks>
          <Perk Name="PERK_ITEM_SPECIAL_MAGIC_PAIN_RECHARGE_HELM">
            <Set Aspect="1000" />
          </Perk>
        </Perks>
    </Consumable>
    

    
    <Consumable Name="WEAPON_AE21_SPEAR" Type="EQUIPMENT">
        <Perks>
          <Perk Name="PERK_ITEM_SPECIAL_LIFESTEAL_WEAPON">
            <Set Aspect="1000" />
          </Perk>
        </Perks>
    </Consumable>
    
    <Consumable Name="MAGIC_AE21_SPIRIT_PILLAR" Type="EQUIPMENT">
        <Perks>
          <Perk Name="PERK_ITEM_SPECIAL_BLOODRAGE_MAGIC">
            <Set Aspect="1000" />
          </Perk>
        </Perks>
    </Consumable>
    
    <Consumable Name="RANGED_AE21_TOMAHAWK" Type="EQUIPMENT">
	<Perks>
	  <Perk Name="PERK_ITEM_SPECIAL_PRECISION_RANGED">
		<Set Aspect="1000" />
	  </Perk>
	</Perks>
    </Consumable>
    
    
    
    <Consumable Name="ARMOR_SUMMER21_SANTA" Type="EQUIPMENT">
        <Perks>
          <Perk Name="PERK_ITEM_SPECIAL_REGENERATION_ARMOR">
            <Set Aspect="1000" />
          </Perk>
        </Perks>
    </Consumable>
    
    <Consumable Name="ARMOR_SUMMER21_LEGIONER" Type="EQUIPMENT">
        <Perks>
          <Perk Name="PERK_ITEM_SPECIAL_MAGIC_PAIN_RECHARGE_ARMOR">
            <Set Aspect="1000" />
          </Perk>
        </Perks>
    </Consumable>


    <Consumable Name="HELM_SUMMER21_SANTA" Type="EQUIPMENT">
        <Perks>
          <Perk Name="PERK_ITEM_SPECIAL_DAMAGE_RETURN_HELM">
            <Set Aspect="1000" />
          </Perk>
        </Perks>
    </Consumable>
    

    
    <Consumable Name="WEAPON_SUMMER21_TRIDENT" Type="EQUIPMENT">
        <Perks>
          <Perk Name="PERK_ITEM_SPECIAL_ENFEEBLE_WEAPON">
            <Set Aspect="1000" />
          </Perk>
        </Perks>
    </Consumable>
    
    <Consumable Name="RANGED_SUMMER21_ANCIENT_CHAKRAM" Type="EQUIPMENT">
        <Perks>
          <Perk Name="PERK_ITEM_SPECIAL_LIFESTEAL_RANGED">
            <Set Aspect="1000" />
          </Perk>
        </Perks>
    </Consumable>
    
    
    
      
    
    <Consumable Name="ARMOR_C4_Z1_WARLOCK" Type="EQUIPMENT">
        <Perks>
          <Perk Name="PERK_WARLOCK_SET_CURSE" />
        </Perks>
    </Consumable>
    
    <Consumable Name="MAGIC_C4_Z1_WARLOCK_DARK_WAVE" Type="EQUIPMENT">
        <Perks>
          <Perk Name="PERK_WARLOCK_SET_CURSE" />
        </Perks>
    </Consumable>

    <Consumable Name="HELM_C4_Z1_WARLOCK" Type="EQUIPMENT">
        <Perks>
          <Perk Name="PERK_WARLOCK_SET_CURSE" />
        </Perks>
    </Consumable>
      
    <Consumable Name="WEAPON_C4_Z1_WARLOCK_STAFF" Type="EQUIPMENT">
        <Perks>
          <Perk Name="PERK_WARLOCK_SET_CURSE" />
        </Perks>
    </Consumable>
    
    <Consumable Name="RANGED_C4_Z1_WARLOCK_SHURIKEN" Type="EQUIPMENT">
        <Perks>
          <Perk Name="PERK_WARLOCK_SET_CURSE" />
        </Perks>
    </Consumable>
    
    
   
    
    <Consumable Name="HELM_BP_S1_GUARDIAN" Type="EQUIPMENT">
        <Perks>
          <Perk Name="PERK_GUARDIAN_SET_PROTECTION" />
        </Perks>
    </Consumable>
    
    <Consumable Name="ARMOR_BP_S1_GUARDIAN" Type="EQUIPMENT">
        <Perks>
          <Perk Name="PERK_GUARDIAN_SET_PROTECTION" />
        </Perks>
    </Consumable>

    <Consumable Name="WEAPON_BP_S1_GUARDIAN" Type="EQUIPMENT">
        <Perks>
          <Perk Name="PERK_GUARDIAN_SET_PROTECTION" />
        </Perks>
    </Consumable>
      
    <Consumable Name="MAGIC_BP_S1_GUARDIAN" Type="EQUIPMENT">
        <Perks>
          <Perk Name="PERK_GUARDIAN_SET_PROTECTION" />
        </Perks>
    </Consumable>
    
    <Consumable Name="RANGED_BP_S1_GUARDIAN" Type="EQUIPMENT">
        <Perks>
          <Perk Name="PERK_GUARDIAN_SET_PROTECTION" />
        </Perks>
    </Consumable>
    
        
 	
  
    <Consumable Name="WEAPON_CHNY22_SPEAR" Type="EQUIPMENT">
      <Perks>
        <Perk Name="PERK_ITEM_SPECIAL_INTOXICATION_WEAPON">
          <Set Aspect="Auto" />
        </Perk>	
      </Perks>
    </Consumable>
	
	<Consumable Name="RANGED_CHNY22_WEIGHED_KUNAI" Type="EQUIPMENT">
      <Perks>
        <Perk Name="PERK_ITEM_SPECIAL_BLEEDING_RANGED">
          <Set Aspect="Auto" />
        </Perk>	
      </Perks>
    </Consumable>
	
	<Consumable Name="MAGIC_CHNY22_WATERBALL" Type="EQUIPMENT">
      <Perks>
        <Perk Name="PERK_ITEM_SPECIAL_LIFESTEAL_MAGIC">
          <Set Aspect="Auto" />
        </Perk>	
      </Perks>
    </Consumable>
	
    
       
    
    <Consumable Name="HELM_BP_S2_SKANDA" Type="EQUIPMENT">
        <Perks>
          <Perk Name="PERK_SKANDA_SET_KARMA" />
        </Perks>
    </Consumable>
    
    <Consumable Name="ARMOR_BP_S2_SKANDA" Type="EQUIPMENT">
        <Perks>
          <Perk Name="PERK_SKANDA_SET_KARMA" />
        </Perks>
    </Consumable>

    <Consumable Name="WEAPON_BP_S2_SKANDA" Type="EQUIPMENT">
        <Perks>
          <Perk Name="PERK_SKANDA_SET_KARMA" />
        </Perks>
    </Consumable>
      
    <Consumable Name="MAGIC_BP_S2_SKANDA" Type="EQUIPMENT">
        <Perks>
          <Perk Name="PERK_SKANDA_SET_KARMA" />
        </Perks>
    </Consumable>
    
    <Consumable Name="RANGED_BP_S2_SKANDA" Type="EQUIPMENT">
        <Perks>
          <Perk Name="PERK_SKANDA_SET_KARMA" />
        </Perks>
    </Consumable>
    

    
    <Consumable Name="WEAPON_MINI_EVENT_PERNACH" Type="EQUIPMENT">
        <Perks>
           <Perk Name="PERK_ITEM_SPECIAL_MAGIC_DAMAGE_RECHARGE_WEAPON">
                <Set Aspect="Auto" />
           </Perk>	
        </Perks>	
    </Consumable>
	
	<Consumable Name="WEAPON_MINI_EVENT_STUFF" Type="EQUIPMENT">
        <Perks>
			<Perk Name="PERK_ITEM_SPECIAL_INTOXICATION_WEAPON">
				<Set Aspect="1000" />
			</Perk>
        </Perks>	
    </Consumable>
	
	<Consumable Name="WEAPON_MINI_EVENT_KNIFE" Type="EQUIPMENT">
        <Perks>
			<Perk Name="PERK_ITEM_SPECIAL_LIFESTEAL_WEAPON">
				<Set Aspect="1000" />
			</Perk>
        </Perks>	
    </Consumable>
	
	
    
    

        
    <Consumable Name="HELM_BP_S3_WIND_MAKER" Type="EQUIPMENT">
        <Perks>
          <Perk Name="PERK_GUST_SET_WIND_MAKER" />
        </Perks>
    </Consumable>
    
    <Consumable Name="ARMOR_BP_S3_WIND_MAKER" Type="EQUIPMENT">
        <Perks>
          <Perk Name="PERK_GUST_SET_WIND_MAKER" />
        </Perks>
    </Consumable>

    <Consumable Name="WEAPON_BP_S3_WIND_MAKER" Type="EQUIPMENT">
        <Perks>
          <Perk Name="PERK_GUST_SET_WIND_MAKER" />
        </Perks>
    </Consumable>
      
    <Consumable Name="MAGIC_BP_S3_WIND_MAKER" Type="EQUIPMENT">
        <Perks>
          <Perk Name="PERK_GUST_SET_WIND_MAKER" />
        </Perks>
    </Consumable>
    
    <Consumable Name="RANGED_BP_S3_WIND_MAKER" Type="EQUIPMENT">
        <Perks>
          <Perk Name="PERK_GUST_SET_WIND_MAKER" />
        </Perks>
    </Consumable>
  
      

        
    <Consumable Name="RANGED_BP_S4_SCRIPTWRITER" Type="EQUIPMENT">
        <Perks>
          <Perk Name="PERK_DIRECTOR_SET_PLOT_TWIST" />
        </Perks>
    </Consumable>
    
    <Consumable Name="HELM_BP_S4_SCRIPTWRITER" Type="EQUIPMENT">
        <Perks>
          <Perk Name="PERK_DIRECTOR_SET_PLOT_TWIST" />
        </Perks>
    </Consumable>

    <Consumable Name="ARMOR_BP_S4_SCRIPTWRITER" Type="EQUIPMENT">
        <Perks>
          <Perk Name="PERK_DIRECTOR_SET_PLOT_TWIST" />
        </Perks>
    </Consumable>
      
    <Consumable Name="WEAPON_BP_S4_SCRIPTWRITER" Type="EQUIPMENT">
        <Perks>
          <Perk Name="PERK_DIRECTOR_SET_PLOT_TWIST" />
        </Perks>
    </Consumable>
    
    <Consumable Name="MAGIC_BP_S4_SCRIPTWRITER" Type="EQUIPMENT">
        <Perks>
          <Perk Name="PERK_DIRECTOR_SET_PLOT_TWIST" />
        </Perks>
    </Consumable>

	
	
	<Consumable Name="RANGED_NY2024_AXE" Type="EQUIPMENT">
        <Perks>
          <Perk Name="PERK_ITEM_SPECIAL_BLEEDING_RANGED">
				<Set Aspect="1867" />
		  </Perk>
        </Perks>
    </Consumable>
	
	<Consumable Name="ARMOR_NY2024_VIKING_CLOTHES" Type="EQUIPMENT">
        <Perks>
          <Perk Name="PERK_ITEM_SPECIAL_FRENZY_DEFENSE_ARMOR">
				<Set Aspect="1867" />
		  </Perk>
        </Perks>
    </Consumable>
	
	<Consumable Name="WEAPON_NY2024_MUSKET" Type="EQUIPMENT">
        <Perks>
          <Perk Name="PERK_ITEM_SPECIAL_PRECISION_WEAPON">
				<Set Aspect="1867" />
		  </Perk>
        </Perks>
    </Consumable>
	
	<Consumable Name="HELM_NY2024_SHAKO" Type="EQUIPMENT">
        <Perks>
          <Perk Name="PERK_ITEM_SPECIAL_DAMAGE_ABSORPTION_HEAD_HELM">
				<Set Aspect="1867" />
		  </Perk>
        </Perks>
    </Consumable>
	
	<Consumable Name="MAGIC_NY2024_AMULET" Type="EQUIPMENT">
        <Perks>
          <Perk Name="PERK_ITEM_SPECIAL_ENFEEBLE_MAGIC">
				<Set Aspect="1867" />
		  </Perk>
        </Perks>
    </Consumable>
	
	<Consumable Name="MAGIC_CNY2024" Type="EQUIPMENT">
        <Perks>
          <Perk Name="PERK_ITEM_SPECIAL_OVERHEAT_MAGIC">
				<Set Aspect="1897" />
		  </Perk>
        </Perks>
    </Consumable>
	
	<Consumable Name="HELM_CNY2024_MASK" Type="EQUIPMENT">
        <Perks>
          <Perk Name="PERK_ITEM_SPECIAL_OVERHEAT_DEFENSE_HELM">
				<Set Aspect="1897" />
		  </Perk>
        </Perks>
    </Consumable>

	<Consumable Name="ARMOR_CNY2024" Type="EQUIPMENT">
        <Perks>
          <Perk Name="PERK_ITEM_SPECIAL_FRENZY_DEFENSE_ARMOR">
				<Set Aspect="1897" />
		  </Perk>
        </Perks>
    </Consumable>

	<Consumable Name="ARMOR_INDIA_24" Type="EQUIPMENT">
		<Perks>
			<Perk Name="PERK_ITEM_SPECIAL_SHIELDING_ARMOR">
				  <Set Aspect="1900" /> 
			</Perk>
		</Perks>
    </Consumable>
	
	<Consumable Name="WEAPON_INDIA_24" Type="EQUIPMENT">
		<Perks>
			<Perk Name="PERK_ITEM_SPECIAL_LIFESTEAL_WEAPON">
				  <Set Aspect="1900" /> 
			</Perk>
		</Perks>
    </Consumable>

	<Consumable Name="MAGIC_INDIA_24" Type="EQUIPMENT">
		<Perks>
			<Perk Name="PERK_ITEM_SPECIAL_BLOODRAGE_MAGIC">
			  <Set Aspect="1900" /> 
			</Perk>
		</Perks>
    </Consumable> 



	<Consumable Name="WEAPON_SWORD_SUMMER_FEST_25" Type="EQUIPMENT">
		<Perks>
			<Perk Name="PERK_ITEM_SPECIAL_LIFESTEAL_WEAPON">
			  <Set Aspect="1900" /> 
			</Perk>
		</Perks>
    </Consumable> 
	<Consumable Name="HELM_RAID_SUMMER_FEST_25" Type="EQUIPMENT">
		<Perks>
			<Perk Name="PERK_ITEM_SPECIAL_DAMAGE_ABSORPTION_HEAD_HELM">
			  <Set Aspect="1900" /> 
			</Perk>
		</Perks>
  </Consumable> 
	<Consumable Name="ARMOR_RAID_SUMMER_FEST_25" Type="EQUIPMENT">
		<Perks>
			<Perk Name="PERK_ITEM_SPECIAL_OVERHEAT_DEFENSE_ARMOR">
			  <Set Aspect="1900" /> 
			</Perk>
		</Perks>
    </Consumable> 
	<Consumable Name="WEAPON_KNUCKLES_RAID_SUMMER_FEST_25" Type="EQUIPMENT">
		<Perks>
			<Perk Name="PERK_ITEM_SPECIAL_MAGIC_DAMAGE_RECHARGE_WEAPON">
			  <Set Aspect="1900" /> 
			</Perk>
		</Perks>
  </Consumable> 
<Consumable Name="WEAPON_NAGINATA_GIFT_25" Type="EQUIPMENT">
        <Perks>
          <Perk Name="PERK_ITEM_SPECIAL_BLOODRAGE_WEAPON">
				<Set Aspect="1867" />
		  </Perk>
        </Perks>
    </Consumable>


    <Consumable Name="WEAPON_SWORD_NY23_PAID_OFFER" Type="EQUIPMENT">
        <Perks>
          <Perk Name="PERK_ITEM_SPECIAL_LIFESTEAL_WEAPON">
				<Set Aspect="1867" />
		  </Perk>
        </Perks>
    </Consumable>
		

    <Consumable Name="WEAPON_SHADOW_DAISHO" Type="EQUIPMENT">
        <Perks>
          <Perk Name="PERK_ITEM_SPECIAL_LIFESTEAL_WEAPON">
				<Set Aspect="1867" />
		  </Perk>
		  <Perk Name="PERK_ITEM_SPECIAL_FRENZY_WEAPON">
				<Set Aspect="1867" />
		  </Perk>
        </Perks>
    </Consumable>

	<Consumable Name="WEAPON_SICKLE_FALL_24" Type="EQUIPMENT">
		<Perks>
			<Perk Name="PERK_ITEM_SPECIAL_LIFESTEAL_WEAPON">
				  <Set Aspect="1900" /> 
			</Perk>
		</Perks>
    </Consumable>
		
		<Consumable Name="WEAPON_SCYTHE_FALL_24" Type="EQUIPMENT">
		<Perks>
			<Perk Name="PERK_ITEM_SPECIAL_LIFESTEAL_WEAPON">
				  <Set Aspect="1900" /> 
			</Perk>
		</Perks>
    </Consumable>
		
		<Consumable Name="HELM_FALL_24" Type="EQUIPMENT">
		<Perks>
			<Perk Name="PERK_ITEM_SPECIAL_DAMAGE_ABSORPTION_HEAD_HELM">
				  <Set Aspect="1900" /> 
			</Perk>
		</Perks>
    </Consumable>
	
	<Consumable Name="WEAPON_DAGGERS_HW_24" Type="EQUIPMENT">
		<Perks>
			<Perk Name="PERK_ITEM_SPECIAL_BLEEDING_WEAPON">
				  <Set Aspect="1900" /> 
			</Perk>
		</Perks>
    </Consumable>


		<Consumable Name="HELM_FINAL_HARMONY" Type="EQUIPMENT">
			<Perks>
				<Perk Name="PERK_ITEM_SPECIAL_REGENERATION_HELM">
					<Set Aspect="Auto" />
				</Perk>
        <Perk Name="PERK_MONK_SET_WHIRL">
					<Set Aspect="Auto" />
				</Perk>     
			</Perks>
    </Consumable>
    <Consumable Name="HELM_FINAL_CHAOS" Type="EQUIPMENT">
			<Perks>
				<Perk Name="PERK_ITEM_SPECIAL_OVERHEAT_DEFENSE_HELM">
					<Set Aspect="Auto" />
				</Perk>
        <Perk Name="PERK_SENTINEL_SET_SUPER_RETURN">
					<Set Aspect="Auto" />
				</Perk>          
			</Perks>
    </Consumable>    

		
	<Consumable Name="WEAPON_RAIDSTARTER_SUPER_SABERS" Type="EQUIPMENT">
		<Perks>

        </Perks>
    </Consumable>



	
	<Consumable Name="ARMOR_AZTEC_24" Type="EQUIPMENT">
		<Perks>
			<Perk Name="PERK_ITEM_SPECIAL_REJUVENATION_ARMOR">
				<Set Aspect="1897" />
			</Perk>
		</Perks>
	</Consumable>

	
	<Consumable Name="HELM_AZTEC_24" Type="EQUIPMENT">
		<Perks>
			<Perk Name="PERK_ITEM_SPECIAL_MAGIC_PAIN_RECHARGE_HELM">
				<Set Aspect="1897" />
			</Perk>
		</Perks>
	</Consumable>

	
	<Consumable Name="WEAPON_AZTEC_24" Type="EQUIPMENT">
		<Perks>
			<Perk Name="PERK_ITEM_SPECIAL_BLEEDING_WEAPON">
				<Set Aspect="1897" />
			</Perk>
		</Perks>
	</Consumable>

	
	<Consumable Name="MAGIC_AZTEC_24" Type="EQUIPMENT">
		<Perks>
			<Perk Name="PERK_ITEM_SPECIAL_ENFEEBLE_MAGIC">
				<Set Aspect="1897" />
			</Perk>
		</Perks>
	</Consumable>

	
	<Consumable Name="MAGIC_NEW_YEAR_25" Type="EQUIPMENT">
		<Perks>
			<Perk Name="PERK_ITEM_SPECIAL_BLEEDING_MAGIC">
				<Set Aspect="1897" />
			</Perk>
		</Perks>
	</Consumable>

	
	<Consumable Name="WEAPON_NEW_YEAR_25" Type="EQUIPMENT">
		<Perks>
			<Perk Name="PERK_ITEM_SPECIAL_FRENZY_WEAPON">
				<Set Aspect="1897" />
			</Perk>
		</Perks>
	</Consumable>

	
	<Consumable Name="RANGED_AZTEC_24" Type="EQUIPMENT">
		<Perks>
			<Perk Name="PERK_ITEM_SPECIAL_INTOXICATION_RANGED">
				<Set Aspect="1897" />
			</Perk>
		</Perks>
	</Consumable>

	
	<Consumable Name="HELM_FOREST_DEMON_25" Type="EQUIPMENT">
		<Perks>
			<Perk Name="PERK_ITEM_SPECIAL_REGENERATION_HELM">
				<Set Aspect="1897" />
			</Perk>
		</Perks>
	</Consumable>

	
	<Consumable Name="WEAPON_FOREST_DEMON_25" Type="EQUIPMENT">
		<Perks>
			<Perk Name="PERK_ITEM_SPECIAL_FRENZY_WEAPON">
				<Set Aspect="1897" />
			</Perk>
		</Perks>
	</Consumable>

	
	<Consumable Name="MAGIC_FOREST_DEMON_25" Type="EQUIPMENT">
		<Perks>
			<Perk Name="PERK_ITEM_SPECIAL_FRENZY_MAGIC">
				<Set Aspect="1897" />
			</Perk>
		</Perks>
	</Consumable>

	
	<Consumable Name="HELM_NEW_YEAR_25" Type="EQUIPMENT">
		<Perks>
			<Perk Name="PERK_ITEM_SPECIAL_REGENERATION_HELM">
				<Set Aspect="1897" />
			</Perk>
		</Perks>
	</Consumable>

	
	<Consumable Name="WEAPON_KUSARIGAMA_STRIKING_FALKON_25" Type="EQUIPMENT">
		<Perks>
			<Perk Name="PERK_ITEM_SPECIAL_PRECISION_WEAPON">
				<Set Aspect="1897" />
			</Perk>
		</Perks>
	</Consumable>

	
	<Consumable Name="HELM_HOAXEN_25" Type="EQUIPMENT">
		<Perks>
			<Perk Name="PERK_ITEM_SPECIAL_DAMAGE_ABSORPTION_HEAD_HELM">
				<Set Aspect="1897" />
			</Perk>
		</Perks>
	</Consumable>

	
	<Consumable Name="ARMOR_HOAXEN_25" Type="EQUIPMENT">
		<Perks>
			<Perk Name="PERK_ITEM_SPECIAL_DAMAGE_ABSORPTION_BODY_ARMOR">
				<Set Aspect="1897" />
			</Perk>
		</Perks>
	</Consumable>

	
	<Consumable Name="ARMOR_REVENANT_25" Type="EQUIPMENT">
		<Perks>
			<Perk Name="PERK_ITEM_SPECIAL_OVERHEAT_DEFENSE_ARMOR">
				<Set Aspect="1897" />
			</Perk>
		</Perks>
	</Consumable>

	
	<Consumable Name="HELM_FUTURIST_25" Type="EQUIPMENT">
		<Perks>
			<Perk Name="PERK_ITEM_SPECIAL_FRENZY_DEFENSE_HELM">
				<Set Aspect="1897" />
			</Perk>
		</Perks>
	</Consumable>

	
	<Consumable Name="WEAPON_FUTURIST_25" Type="EQUIPMENT">
		<Perks>
			<Perk Name="PERK_ITEM_SPECIAL_WEAKNESS_WEAPON">
				<Set Aspect="1897" />
			</Perk>
		</Perks>
	</Consumable>

	
	<Consumable Name="ARMOR_FUTURIST_25" Type="EQUIPMENT">
		<Perks>
			<Perk Name="PERK_ITEM_SPECIAL_DAMAGE_RETURN_ARMOR">
				<Set Aspect="1897" />
			</Perk>
		</Perks>
	</Consumable>

	
	<Consumable Name="RANGED_FUTURIST_25" Type="EQUIPMENT">
		<Perks>
			<Perk Name="PERK_ITEM_SPECIAL_STUN_RANGED">
				<Set Aspect="1897" />
			</Perk>
		</Perks>
	</Consumable>

	
	<Consumable Name="MAGIC_FUTURIST_25" Type="EQUIPMENT">
		<Perks>
			<Perk Name="PERK_ITEM_SPECIAL_TIME_BOMB_MAGIC">
				<Set Aspect="1897" />
			</Perk>
		</Perks>
	</Consumable>

	
	<Consumable Name="RANGED_SHADES_25" Type="EQUIPMENT">
		<Perks>
			<Perk Name="PERK_ITEM_SPECIAL_PRECISION_RANGED">
				<Set Aspect="1897" />
			</Perk>
		</Perks>
	</Consumable>

	
	<Consumable Name="WEAPON_GLAIVE_25" Type="EQUIPMENT">
		<Perks>
			<Perk Name="PERK_ITEM_SPECIAL_MAGIC_DAMAGE_RECHARGE_WEAPON">
				<Set Aspect="1897" />
			</Perk>
		</Perks>
	</Consumable>

	
	<Consumable Name="MAGIC_ENERGY_BALL_PINK_25" Type="EQUIPMENT">
		<Perks>
			<Perk Name="PERK_ITEM_SPECIAL_ENFEEBLE_MAGIC">
				<Set Aspect="1897" />
			</Perk>
		</Perks>
	</Consumable>

	
	<Consumable Name="ARMOR_EGYPT_25" Type="EQUIPMENT">
		<Perks>
			<Perk Name="PERK_ITEM_SPECIAL_MAGIC_PAIN_RECHARGE_ARMOR">
				<Set Aspect="1897" />
			</Perk>
		</Perks>
	</Consumable>

	
	<Consumable Name="WEAPON_RITUAL_25" Type="EQUIPMENT">
		<Perks>
			<Perk Name="PERK_ITEM_SPECIAL_LIFESTEAL_WEAPON">
				<Set Aspect="1897" />
			</Perk>
		</Perks>
	</Consumable>

	
	<Consumable Name="RANGED_BLASTER_ROGUESFORTUNE_25" Type="EQUIPMENT">
		<Perks>
			<Perk Name="PERK_ITEM_SPECIAL_TIME_BOMB_RANGED">
				<Set Aspect="1897" />
			</Perk>
		</Perks>
	</Consumable>

	
	<Consumable Name="WEAPON_NUNCHAKU_DANCEOFSTATIC_25" Type="EQUIPMENT">
		<Perks>
			<Perk Name="PERK_ITEM_SPECIAL_FRENZY_WEAPON">
				<Set Aspect="1897" />
			</Perk>
		</Perks>
	</Consumable>

	
	<Consumable Name="MAGIC_GAZEOFTHEVOID_25" Type="EQUIPMENT">
		<Perks>
			<Perk Name="PERK_ITEM_SPECIAL_LIFESTEAL_MAGIC">
				<Set Aspect="1897" />
			</Perk>
		</Perks>
	</Consumable>

	
	<Consumable Name="RANGED_NEEDLES_NEMESIS_STINGER_25" Type="EQUIPMENT">
		<Perks>
			<Perk Name="PERK_ITEM_SPECIAL_WEAKNESS_RANGED">
				<Set Aspect="1897" />
			</Perk>
		</Perks>
	</Consumable>

	
	<Consumable Name="WEAPON_KUSARIGAMA_SILENT_MOON_25" Type="EQUIPMENT">
		<Perks>
			<Perk Name="PERK_ITEM_SPECIAL_INTOXICATION_WEAPON">
				<Set Aspect="1897" />
			</Perk>
		</Perks>
	</Consumable>

	
	<Consumable Name="MAGIC_BOMB_SEED_OF_CREATION_25" Type="EQUIPMENT">
		<Perks>
			<Perk Name="PERK_ITEM_SPECIAL_BLOODRAGE_MAGIC">
				<Set Aspect="1897" />
			</Perk>
		</Perks>
	</Consumable>

	
	<Consumable Name="WEAPON_ORDERS_OATH_25" Type="EQUIPMENT">
		<Perks>
			<Perk Name="PERK_ITEM_SPECIAL_BLEEDING_WEAPON">
				<Set Aspect="1897" />
			</Perk>
		</Perks>
	</Consumable>

	
	<Consumable Name="HELM_VEIL_OF_DAWN_25" Type="EQUIPMENT">
		<Perks>
			<Perk Name="PERK_ITEM_SPECIAL_SHIELDING_HELM">
				<Set Aspect="1897" />
			</Perk>
		</Perks>
	</Consumable>

	
	<Consumable Name="RANGED_WINDS_HARMONY_25" Type="EQUIPMENT">
		<Perks>
			<Perk Name="PERK_ITEM_SPECIAL_PRECISION_RANGED">
				<Set Aspect="1897" />
			</Perk>
		</Perks>
	</Consumable>

	
	<Consumable Name="WEAPON_SEERS_STAFF_25" Type="EQUIPMENT">
		<Perks>
			<Perk Name="PERK_ITEM_SPECIAL_WEAKNESS_WEAPON">
				<Set Aspect="1897" />
			</Perk>
		</Perks>
	</Consumable>

	
	<Consumable Name="MAGIC_SONG_OF_THE_TIDE_25" Type="EQUIPMENT">
		<Perks>
			<Perk Name="PERK_ITEM_SPECIAL_FRENZY_MAGIC">
				<Set Aspect="1897" />
			</Perk>        
		</Perks>
	</Consumable>    

	
	<Consumable Name="RANGED_PATH_OF_HERESY_25" Type="EQUIPMENT">
		<Perks>
			<Perk Name="PERK_ITEM_SPECIAL_STUN_RANGED">
				<Set Aspect="1897" />
			</Perk>        
		</Perks>
	</Consumable> 



	
	<Consumable Name="WEAPON_VAL20_SAI" Type="EQUIPMENT">
		<Perks>
			<Perk Name="PERK_ITEM_SPECIAL_OVERHEAT_WEAPON">
				<Set Aspect="1900" />
			</Perk>        
		</Perks>
	</Consumable>

	
	<Consumable Name="WEAPON_VAL20_TRIDENT" Type="EQUIPMENT">
		<Perks>
			<Perk Name="PERK_ITEM_SPECIAL_PRECISION_WEAPON">
				<Set Aspect="1900" />
			</Perk>        
		</Perks>
	</Consumable>

	
	<Consumable Name="HELM_1_HW16_SET" Type="EQUIPMENT">
		<Perks>
			<Perk Name="PERK_ITEM_SPECIAL_DAMAGE_RETURN_HELM">
				<Set Aspect="1900" />
			</Perk>        
		</Perks>
	</Consumable>

	
	<Consumable Name="WEAPON_SUMMER21_SWORD" Type="EQUIPMENT">
		<Perks>
			<Perk Name="PERK_ITEM_SPECIAL_LIFESTEAL_WEAPON">
				<Set Aspect="1900" />
			</Perk>        
		</Perks>
	</Consumable>

	
	<Consumable Name="WEAPON_HW15_BROOM" Type="EQUIPMENT">
		<Perks>
			<Perk Name="PERK_ITEM_SPECIAL_TIME_BOMB_WEAPON">
				<Set Aspect="1900" />
			</Perk>        
		</Perks>
	</Consumable>

	
	<Consumable Name="HELM_XMAS16_SANTA" Type="EQUIPMENT">
		<Perks>
			<Perk Name="PERK_ITEM_SPECIAL_CRITICAL_PROTECTION_HELM">
				<Set Aspect="1900" />
			</Perk>        
		</Perks>
	</Consumable>

	
	<Consumable Name="HELM_AE21_ROACH" Type="EQUIPMENT">
		<Perks>
			<Perk Name="PERK_ITEM_SPECIAL_REGENERATION_HELM">
				<Set Aspect="1900" />
			</Perk>        
		</Perks>
	</Consumable>

	
	<Consumable Name="WEAPON_AE21_SPEAR" Type="EQUIPMENT">
		<Perks>
			<Perk Name="PERK_ITEM_SPECIAL_MAGIC_DAMAGE_RECHARGE_WEAPON">
				<Set Aspect="1900" />
			</Perk>        
		</Perks>
	</Consumable>

	
	<Consumable Name="RANGED_AE21_TOMAHAWK" Type="EQUIPMENT">
		<Perks>
			<Perk Name="PERK_ITEM_SPECIAL_PRECISION_RANGED">
				<Set Aspect="1900" />
			</Perk>        
		</Perks>
	</Consumable>

	
	<Consumable Name="ARMOR_HW14_WICKED_VEIL" Type="EQUIPMENT">
		<Perks>
			<Perk Name="PERK_ITEM_SPECIAL_FRENZY_DEFENSE_ARMOR">
				<Set Aspect="1900" />
			</Perk>        
		</Perks>
	</Consumable>

	
	<Consumable Name="WEAPON_CHNY21_JIAN" Type="EQUIPMENT">
		<Perks>
			<Perk Name="PERK_ITEM_SPECIAL_TIME_BOMB_WEAPON">
				<Set Aspect="1900" />
			</Perk>        
		</Perks>
	</Consumable>

	
	<Consumable Name="WEAPON_HW14_SCYTHE" Type="EQUIPMENT">
		<Perks>
			<Perk Name="PERK_ITEM_SPECIAL_LIFESTEAL_WEAPON">
				<Set Aspect="1900" />
			</Perk>        
		</Perks>
	</Consumable>

	
	<Consumable Name="RANGED_VAL20_AXE" Type="EQUIPMENT">
		<Perks>
			<Perk Name="PERK_ITEM_SPECIAL_PRECISION_RANGED">
				<Set Aspect="1900" />
			</Perk>        
		</Perks>
	</Consumable>

	
	<Consumable Name="HELM_XMAS16_HORNS" Type="EQUIPMENT">
		<Perks>
			<Perk Name="PERK_ITEM_SPECIAL_DAMAGE_RETURN_HELM">
				<Set Aspect="1900" />
			</Perk>        
		</Perks>
	</Consumable>

	
	<Consumable Name="ARMOR_AE21_WARRIOR" Type="EQUIPMENT">
		<Perks>
			<Perk Name="PERK_ITEM_SPECIAL_MAGIC_PAIN_RECHARGE_ARMOR">
				<Set Aspect="1900" />
			</Perk>        
		</Perks>
	</Consumable>

<Consumable Name="HELM_C2_Z2_MONK" Type="EQUIPMENT">
      <Perks>
        <Perk Name="PERK_MONK_SET_WHIRL" />
      </Perks>
    </Consumable>
    <Consumable Name="ARMOR_C2_Z2_MONK" Type="EQUIPMENT">
      <Perks>
        <Perk Name="PERK_MONK_SET_WHIRL" />
      </Perks>
    </Consumable>
    <Consumable Name="RANGED_C2_Z2_MONK_SHURIKEN" Type="EQUIPMENT">
      <Perks>
        <Perk Name="PERK_MONK_SET_WHIRL" />
      </Perks>
    </Consumable>
    <Consumable Name="WEAPON_C2_Z2_MONK_KATAR" Type="EQUIPMENT">
      <Perks>
        <Perk Name="PERK_MONK_SET_WHIRL" />
      </Perks>
    </Consumable>
    <Consumable Name="MAGIC_C2_Z2_MONK_ROOT_STUN" Type="EQUIPMENT">
      <Perks>
        <Perk Name="PERK_MONK_SET_WHIRL" />
      </Perks>
    </Consumable>
		
  
    <Consumable Name="WEAPON_C2_Z3_SENTINEL_SPEAR" Type="EQUIPMENT">
      <Perks>
        <Perk Name="PERK_SENTINEL_SET_SUPER_RETURN" />
      </Perks>
    </Consumable>
    <Consumable Name="ARMOR_C2_Z3_SENTINEL" Type="EQUIPMENT">
      <Perks>
        <Perk Name="PERK_SENTINEL_SET_SUPER_RETURN" />
      </Perks>
    </Consumable>
    <Consumable Name="HELM_C2_Z3_SENTINEL" Type="EQUIPMENT">
      <Perks>
        <Perk Name="PERK_SENTINEL_SET_SUPER_RETURN" />
      </Perks>
    </Consumable>
    <Consumable Name="RANGED_C2_Z3_SENTINEL_SHURIKEN" Type="EQUIPMENT">
      <Perks>
        <Perk Name="PERK_SENTINEL_SET_SUPER_RETURN" />
      </Perks>
    </Consumable>
    <Consumable Name="MAGIC_C2_Z3_SENTINEL_DRAGON" Type="EQUIPMENT">
      <Perks>
        <Perk Name="PERK_SENTINEL_SET_SUPER_RETURN" />
      </Perks>
    </Consumable>

  
     <Consumable Name="RANGED_BP_S5_TIME_SHIFTER" Type="EQUIPMENT">
        <Perks>
          <Perk Name="PERK_TIME_SHIFT_SET_TIME_SHIFTER" />
        </Perks>
    </Consumable>
    
    <Consumable Name="HELM_BP_S5_TIME_SHIFTER" Type="EQUIPMENT">
        <Perks>
          <Perk Name="PERK_TIME_SHIFT_SET_TIME_SHIFTER" />
        </Perks>
    </Consumable>

    <Consumable Name="ARMOR_BP_S5_TIME_SHIFTER" Type="EQUIPMENT">
        <Perks>
          <Perk Name="PERK_TIME_SHIFT_SET_TIME_SHIFTER" />
        </Perks>
    </Consumable>
      
    <Consumable Name="WEAPON_BP_S5_TIME_SHIFTER" Type="EQUIPMENT">
        <Perks>
          <Perk Name="PERK_TIME_SHIFT_SET_TIME_SHIFTER" />
        </Perks>
    </Consumable>
    
    <Consumable Name="MAGIC_BP_S5_TIME_SHIFTER" Type="EQUIPMENT">
        <Perks>
          <Perk Name="PERK_TIME_SHIFT_SET_TIME_SHIFTER" />
        </Perks>
    </Consumable>


		
	
   	<Consumable Name="WEAPON_C1_Z4_NEO_WANDERER" Type="EQUIPMENT">
        <Perks>
          <Perk Name="PERK_ARCANE_MARTIAL_ART_SET_NEO_WANDERER" />
        </Perks>
    </Consumable>
    
    <Consumable Name="ARMOR_C1_Z4_NEO_WANDERER" Type="EQUIPMENT">
        <Perks>
          <Perk Name="PERK_ARCANE_MARTIAL_ART_SET_NEO_WANDERER" />
        </Perks>
    </Consumable>

    <Consumable Name="HELM_C1_Z4_NEO_WANDERER" Type="EQUIPMENT">
        <Perks>
          <Perk Name="PERK_ARCANE_MARTIAL_ART_SET_NEO_WANDERER" />
        </Perks>
    </Consumable>
      
    <Consumable Name="RANGED_C1_Z4_NEO_WANDERER" Type="EQUIPMENT">
        <Perks>
          <Perk Name="PERK_ARCANE_MARTIAL_ART_SET_NEO_WANDERER" />
        </Perks>
    </Consumable>
    
    <Consumable Name="MAGIC_C1_Z4_NEO_WANDERER" Type="EQUIPMENT">
        <Perks>
          <Perk Name="PERK_ARCANE_MARTIAL_ART_SET_NEO_WANDERER" />
        </Perks>
    </Consumable>

	
		
	
	<Consumable Name="HELM_RAID_FUNGUS_SET" Type="EQUIPMENT">
        <Perks>
          <Perk Name="PERK_CORDYCEPS_FUNGUS_SET" />
        </Perks>
    </Consumable>

	<Consumable Name="ARMOR_RAID_FUNGUS_SET" Type="EQUIPMENT">
        <Perks>
          <Perk Name="PERK_CORDYCEPS_FUNGUS_SET" />
        </Perks>
    </Consumable>
	
	<Consumable Name="WEAPON_RAID_FUNGUS_SET" Type="EQUIPMENT">
        <Perks>
          <Perk Name="PERK_CORDYCEPS_FUNGUS_SET" />
        </Perks>
    </Consumable>
	
	<Consumable Name="RANGED_RAID_FUNGUS_SET" Type="EQUIPMENT">
        <Perks>
          <Perk Name="PERK_CORDYCEPS_FUNGUS_SET" />
        </Perks>
    </Consumable>
	
	<Consumable Name="MAGIC_RAID_FUNGUS_SET" Type="EQUIPMENT">
        <Perks>
          <Perk Name="PERK_CORDYCEPS_FUNGUS_SET" />
        </Perks>
    </Consumable>


	
	<Consumable Name="ARMOR_RAID_VOLCANO_SET" Type="EQUIPMENT">
        <Perks>
          <Perk Name="PERK_MAGMA_VOLCANO_SET" />
        </Perks>
    </Consumable>

	<Consumable Name="HELM_RAID_VOLCANO_SET" Type="EQUIPMENT">
        <Perks>
          <Perk Name="PERK_MAGMA_VOLCANO_SET" />
        </Perks>
    </Consumable>
	
	<Consumable Name="WEAPON_RAID_VOLCANO_SET" Type="EQUIPMENT">
        <Perks>
          <Perk Name="PERK_MAGMA_VOLCANO_SET" />
        </Perks>
    </Consumable>

	<Consumable Name="RANGED_RAID_VOLCANO_SET" Type="EQUIPMENT">
        <Perks>
          <Perk Name="PERK_MAGMA_VOLCANO_SET" />
        </Perks>
    </Consumable>
		
	<Consumable Name="MAGIC_RAID_VOLCANO_SET" Type="EQUIPMENT">
        <Perks>
          <Perk Name="PERK_MAGMA_VOLCANO_SET" />
        </Perks>
    </Consumable>


	
	  <Consumable Name="RANGED_KARCER_HUNGER_SET" Type="EQUIPMENT">
        <Perks>
          <Perk Name="PERK_KARCER_HUNGER_SET" />
        </Perks>
    </Consumable>

	  <Consumable Name="HELM_RAID_KARCER_SET" Type="EQUIPMENT">
        <Perks>
          <Perk Name="PERK_KARCER_HUNGER_SET" />
        </Perks>
    </Consumable>

	  <Consumable Name="ARMOR_RAID_KARCER_SET" Type="EQUIPMENT">
        <Perks>
          <Perk Name="PERK_KARCER_HUNGER_SET" />
        </Perks>
    </Consumable>

	  <Consumable Name="WEAPON_RAID_KARCER_SET" Type="EQUIPMENT">
        <Perks>
          <Perk Name="PERK_KARCER_HUNGER_SET" />
        </Perks>
    </Consumable>

	  <Consumable Name="MAGIC_KARCER_HUNGER_SET" Type="EQUIPMENT">
        <Perks>
          <Perk Name="PERK_KARCER_HUNGER_SET" />
        </Perks>
    </Consumable>
<Consumable Name="Sphere1_Name" Type="MISSILE" RaidChargeDamage="80" DamageDispersionPct="10" Icon="sphere1" Model="magic_fireball" Cooldown="230" HintFull="Sphere1_hint2">
      <Perks>
        <Perk Name="PERK_SPHERE_COOLDOWN">
          <Set Frames="230" AnimationName="RaidChargeSphere1Player" />
        </Perk>
      </Perks>
    </Consumable>
    <Consumable Name="Sphere2_Name" Type="MISSILE" RaidChargeDamage="520" DamageDispersionPct="6" Icon="sphere2" Model="magic_energy_ball" Cooldown="420" HintFull="Sphere2_hint2">
      <Perks>
        <Perk Name="PERK_SPHERE_COOLDOWN">
          <Set Frames="420" AnimationName="RaidChargeSphere2Player" />
        </Perk>
      </Perks>
    </Consumable>
    <Consumable Name="Sphere3_Name" Type="MISSILE" RaidChargeDamage="1021" DamageDispersionPct="3" Icon="sphere3" Model="acid_cloud" Cooldown="660" HintFull="Sphere3_hint2">
      <Perks>
        <Perk Name="PERK_SPHERE_COOLDOWN">
          <Set Frames="660" AnimationName="RaidChargeSphere3Player" />
        </Perk>
      </Perks>
    </Consumable>
	
	
	   
    
    <Consumable Name="PotionMagic" Type="POTION" Icon="potion_magic" Description="Potion_magic_desc" Hint="Potion_magic_hint" HintFull="Potion_magic_hint2">
			<Perks>
				<Perk Name="PERK_ELIXIR_MAGIC_PAIN_RECHARGE">
					<Set Aspect="1000" />
				</Perk>	
			</Perks>
		</Consumable>
    <Consumable Name="PotionSpikes" Type="POTION" Icon="potion_spikes" Description="Potion_spikes_desc" Hint="Potion_spikes_hint" HintFull="Potion_spikes_hint2">
			<Perks>
				<Perk Name="PERK_ELIXIR_DMG_RETURN">
					<Set Aspect="1000" />
				</Perk>	
			</Perks>
		</Consumable>
       <Consumable Name="PotionRock" Type="POTION" Icon="potion_rock" Description="Potion_rock_desc" Hint="Potion_rock_hint" HintFull="Potion_rock_hint2">
			<Perks>
				<Perk Name="PERK_ELIXIR_ROCK">
					<Set Aspect="1000" />
				</Perk>	
			</Perks>
		</Consumable>
		<Consumable Name="PotionLife" Type="POTION" Icon="potion_life" Description="Potion_life_desc" Hint="Potion_life_hint" HintFull="Potion_life_hint2">
			<Perks>
				<Perk Name="PERK_ELIXIR_REGENERATION">
					<Set Aspect="1000" />
				</Perk>	
			</Perks>
		</Consumable>		
    <Consumable Name="PotionLegend" Type="POTION" Icon="potion_phoenix" Description="Potion_legend_desc" Hint="Potion_legend_hint" HintFull="Potion_legend_hint2">
			<Perks>
				<Perk Name="PERK_ELIXIR_DMG_RETURN_2">
					<Set Aspect="1000" />
				</Perk>				
				<Perk Name="PERK_ELIXIR_ROCK_2">
					<Set Aspect="1000" />
				</Perk>
				<Perk Name="PERK_ELIXIR_MAGIC_PAIN_RECHARGE_2">
					<Set Aspect="1000" />
				</Perk>					
			</Perks>
		</Consumable>
		<Consumable Name="PotionBomb" Type="POTION" Icon="potion_blood_bomb" Description="PotionBomb_desc" Hint="Potion_bomb_hint" HintFull="Potion_bomb_hint2">
			<Perks>
				<Perk Name="PERK_ELIXIR_TIME_BOMB">
					<Set Aspect="1000" />
				</Perk>	
			</Perks>
		</Consumable>
		<Consumable Name="PotionResistance" Type="POTION" Icon="potion_resistance" Description="PotionResistance_desc" Hint="Potion_resistance_hint" HintFull="Potion_resistance_hint2">
			<Perks>
				<Perk Name="PERK_ELIXIR_RESISTANCE">
					<Set Aspect="1000" />
				</Perk>	
			</Perks>
		</Consumable>
<Currency Name="Key0" Group="Raid" Icon="RaidKeys_Base.Key0" Image="RaidCurrency_Base.Key0" Hint="hintBase" />
	<Currency Name="Key1" Group="Raid" Icon="RaidKeys_Base.Key1" Image="RaidCurrency_Base.Key1" Hint="hintMegalith" />
	<Currency Name="Key2" Group="Raid" Icon="RaidKeys_Base.Key2" Image="RaidCurrency_Base.Key2" Hint="hintFungus" />
	<Currency Name="Key3" Group="Raid" Icon="RaidKeys_Base.Key3" Image="RaidCurrency_Base.Key3" Hint="hintVortex" />
	<Currency Name="Key4" Group="Raid" Icon="RaidKeys_Base.Key4" Image="RaidCurrency_Base.Key4" Hint="hintFatum" />
	<Currency Name="Key5" Group="Raid" Icon="RaidKeys_Base.Key5" Image="RaidCurrency_Base.Key5" Hint="hintArkhos" />
	<Currency Name="Key6" Group="Raid" Icon="RaidKeys_Base.Key6" Image="RaidCurrency_Base.Key6" Hint="hintHoaxen" />
	<Currency Name="Key7" Group="Raid" Icon="RaidKeys_Base.Key7" Image="RaidCurrency1_Base.Key7" Hint="hintHunger" />
	<Currency Name="Key8" Group="Raid" Icon="RaidKeys_Base.Key8" Image="RaidCurrency1_Base.Key8" Hint="hintWar" />
	<Currency Name="Key9" Group="Raid" Icon="RaidKeys_Base.Key9" Image="RaidCurrency1_Base.Key9" Hint="hintVoid" />
	<Currency Name="Key10" Group="Raid" Icon="RaidKeys_Base.Key10" Image="RaidCurrency1_Base.Key10" Hint="hintVoid" />
	<Currency Name="Key11" Group="Raid" Icon="RaidKeys_Base.Key11" Image="RaidCurrency1_Base.Key11" Hint="hintVoid" />
	<Currency Name="Key12" Group="Raid" Icon="RaidKeys_Base.Key12" Image="RaidCurrency1_Base.Key12" Hint="hintVoid" />
	<Currency Name="Key13" Group="Raid" Icon="RaidKeys_Base.Key13" Image="RaidCurrency2_Base.Key13" Hint="hintVoid" />
	<Currency Name="BpPoint" Group="Raid" Icon="RaidKeys_Ascension.Coin" Image="RaidCurrency_Ascension.Coin" Hint="hintVoid" />
	<Currency Name="PremiumFlag" Group="Raid" Icon="RaidCurrency1_Base.PremiumPassIcon" Image="RaidCurrency1_Base.PremiumPassIcon" Hint="BP_PremiumPassDesc" />
	<Currency Name="ForgeMaterial1" Group="Raid" Icon="MiscSprites.forge_green" Image="RaidCurrencyForge.forge_green" ClientOnly="true" SendToLedger="true" /> 
	<Currency Name="ForgeMaterial2" Group="Raid" Icon="MiscSprites.forge_red" Image="RaidCurrencyForge.forge_red" ClientOnly="true" SendToLedger="true" /> 
	<Currency Name="ForgeMaterial3" Group="Raid" Icon="MiscSprites.forge_purple" Image="RaidCurrencyForge.forge_purple" ClientOnly="true" SendToLedger="true" /> 	
	<Currency Name="SentinelShard" Group="Raid" Icon="RaidKeys_Base.SentinelShard" Image="RaidCurrency1_Base.SentinelShard" />
	<Currency Name="MonkShard" Group="Raid" Icon="RaidKeys_Base.MonkShard" Image="RaidCurrency1_Base.MonkShard" />
	<Currency Name="WandererShard" Group="Raid" Icon="RaidKeys_Base.NeoWandererShard" Image="RaidCurrency1_Base.NeoWandererShard" />
	<Currency Name="MysteryTicket" Group="Raid" Icon="RaidKeys_Base.MysteryTicket" Image="RaidCurrency1_Base.MysteryTicket" />

	
  	<Currency Name="KeyAscension1_17" Group="Raid" Icon="RaidKeys_Ascension.Key_Bronse" Image="RaidCurrency_Ascension.Key_Bronse" />
	<Currency Name="KeyAscension2_17" Group="Raid" Icon="RaidKeys_Ascension.Key_Silver" Image="RaidCurrency_Ascension.Key_Silver" />
	<Currency Name="KeyAscension3_17" Group="Raid" Icon="RaidKeys_Ascension.Key_Gold" Image="RaidCurrency_Ascension.Key_Gold" />
	<Currency Name="KeyAscension4_17" Group="Raid" Icon="RaidKeys_Ascension.Key_Violet" Image="RaidCurrency_Ascension.Key_Violet" />
	<Currency Name="KeyAscension5_17" Group="Raid" Icon="RaidKeys_Ascension.Key_Red" Image="RaidCurrency_Ascension.Key_Red" />
	<Currency Name="BpPoint" Group="Raid" Icon="RaidKeys_Ascension.Coin" Image="RaidCurrency_Ascension.Coin" Hint="hintVoid" />
</Items>

  <Packs>
    
      <Pack Name="Pile_Key_RaidAscension" Alias="Pack_Tickets" LootContainerName="Pack_Pile_Key_RaidAscension" Image="RaidCurrency_Ascension.Key_Bronse" GemsPrice="35" Purchasable="true" Description="Pile_EventKeyDsc{5}" ShopHide="0" DisplayLootEffect="1" PackLabel="RAID_ASCENSION" />
    
    <Pack Name="BPPremium" Image="RaidCurrency1_Base.PremiumPassIcon" LootContainerName="Pack_BPPremium" Type="RealMoneyItem" RealPrice="$2.91" Purchasable="true" Description="BP_PremiumPassDesc" ShowAfterShopTutor="1" IphoneID="com.nekki.shadowfight.bp_premium_3_1" AndroidID="com.nekki.shadowfight.bp_premium_3_1" HuaweiID="com.nekki.shadowfight.huawei.bp_premium_3_1" ShopHide="1" />

	<Pack Name="BP_LVL_07" Alias="dlgOfferContent" Image="LotteryX5Chest" LootContainerName="BP_LVL_07" Purchasable="false" GemsPrice="100000" Description="RaidsSuperChestSmall_Desc" DisplayLootEffect="1" ShowProbability="1" ShopHide="1" />
	<Pack Name="BP_LVL_03" Alias="dlgOfferContent" Image="LotteryX5Chest" LootContainerName="BP_LVL_03" Purchasable="false" GemsPrice="100000" Description="RaidsSuperChestSmall_Desc" DisplayLootEffect="1" ShowProbability="1" ShopHide="1" />
	
	
	
	
          
          
          
		  
    
	
<Pack Name="Zone4OfferBig" Image="RaidZone4_Offer_big" LootContainerName="Pack_Zone4OfferBig" GemsPrice="249" Purchasable="true" Description="                   " ShowAfterShopTutor="1" ShopHide="1" />
  <Pack Name="Zone4OfferSmall" Image="RaidZone4_Offer_small" LootContainerName="Pack_Zone4OfferSmall" GemsPrice="99" Purchasable="true" Description="                  " DiscountHides="Zone4Offer" ShopHide="1" /> 


    <Pack Name="Sphere3Pack_Name" Image="sphere3Pack" LootContainerName="Pile_Sphere3_Name" GemsPrice="299" Purchasable="true" Description="Description_Sphere_Pack" />

    <Pack Name="Sphere2Pack_Name" Image="sphere2Pack" LootContainerName="Pile_Sphere2_Name" GemsPrice="199" Purchasable="true" Description="Description_Sphere_Pack" />

        
  
  <Pack Name="Sphere3Pack_Name_Sales" Alias="Sphere3Pack_Name" Image="sphere3Pack" LootContainerName="Pile_Sphere3_Name" GemsPrice="209" Purchasable="true" Description="Description_Sphere_Pack_Sales" DiscountHides="Sphere3Pack_Name" StartTime="2025-10-31T01:00:00Z" EndTime="2025-11-02T23:59:00Z" DisplayLootEffect="1">
		<MapButtonImage Width="365" Height="247" CustomTimerBG="0">
      <Image Name="RaidItems2.sphere3Pack" PosX="-60" PosY="0" ScaleX="0.4" ScaleY="0.4" />
	  </MapButtonImage>
	</Pack>
   
  <Pack Name="Sphere2Pack_Name_Sales" Alias="Sphere2Pack_Name" Image="sphere2Pack" LootContainerName="Pile_Sphere2_Name" GemsPrice="140" Purchasable="true" Description="Description_Sphere_Pack_Sales" DiscountHides="Sphere2Pack_Name" StartTime="2025-10-31T01:00:00Z" EndTime="2025-11-02T23:59:00Z" DisplayLootEffect="1">
		<MapButtonImage Width="365" Height="247" CustomTimerBG="0">
      <Image Name="RaidItems2.sphere2Pack" PosX="-60" PosY="0" ScaleX="0.4" ScaleY="0.4" />
	  </MapButtonImage>
	</Pack>
   
   <Pack Name="MonkChestSmall_Sales" Alias="MonkChestSmall" Image="monk_chest" LootContainerName="MonkChestSmall" GemsPrice="229" Purchasable="true" Description="MonkChestSmall_Desc" DiscountHides="MonkChestSmall" StartTime="2025-10-31T01:00:00Z" EndTime="2025-11-02T23:59:00Z" ShopHide="0" DisplayLootEffect="1" ShowProbability="1">
		<MapButtonImage Width="365" Height="247" CustomTimerBG="0">
      <Image Name="RaidItems2.monk_chest" PosX="-60" PosY="0" ScaleX="0.45" ScaleY="0.45" />
	  </MapButtonImage>

    </Pack>
   <Pack Name="SentinelChestSmall_Sales" Alias="SentinelChestSmall" Image="img_dragon_chest" LootContainerName="SentinelChestSmall" GemsPrice="419" Purchasable="true" Description="SentinelChestSmall_Desc" DiscountHides="SentinelChestSmall" StartTime="2025-10-31T01:00:00Z" EndTime="2025-11-02T23:59:00Z" ShopHide="0" DisplayLootEffect="1" ShowProbability="1">
		<MapButtonImage Width="365" Height="247" CustomTimerBG="0">
      <Image Name="img_dragon_chest" PosX="-60" PosY="0" ScaleX="0.45" ScaleY="0.45" />
	  </MapButtonImage>

    </Pack>
	<Pack Name="NeoWandererChestSmall_Sales" Alias="NeoWandererChestSmall" Image="img_neo_wanderer" LootContainerName="NeoWandererChestSmall" GemsPrice="279" Purchasable="true" Description="NeoWandererSmall_Desc" DiscountHides="NeoWandererChestSmall" StartTime="2024-12-25T00:00:00Z" EndTime="2024-12-26T23:00:00Z" ShopHide="0" DisplayLootEffect="1" ShowProbability="1">
		<MapButtonImage Width="365" Height="247" CustomTimerBG="0">
      <Image Name="img_neo_wanderer" PosX="-60" PosY="0" ScaleX="0.45" ScaleY="0.45" />
	  </MapButtonImage>

    </Pack>

   <Pack Name="RaidsSuperChestSmall_Sales" Alias="RaidsSuperChestSmall" Image="img_raid_super_chest" LootContainerName="RaidsSuperChest" GemsPrice="1999" Purchasable="true" Description="RaidsSuperChestSmall_Desc" DiscountHides="RaidsSuperChestSmall" StartTime="2024-12-25T00:00:00Z" EndTime="2024-12-26T23:00:00Z" ShopHide="0" DisplayLootEffect="1" ShowProbability="1">
		<MapButtonImage Width="365" Height="247" CustomTimerBG="0">
      <Image Name="img_raid_super_chest" PosX="-80" PosY="0" ScaleX="0.4" ScaleY="0.4" />
		</MapButtonImage>
	</Pack>
    
    
  
    
    
    
    
    
   

    <Pack Name="RaidsSuperChestSmall" Image="img_raid_super_chest" LootContainerName="RaidsSuperChest" GemsPrice="2899" Purchasable="true" Description="RaidsSuperChestSmall_Desc" ShopHide="0" DisplayLootEffect="1" ShowProbability="1" />	
    
    <Pack Name="MonkChestSmall" Image="monk_chest" LootContainerName="MonkChestSmall" GemsPrice="329" Purchasable="true" Description="MonkChestSmall_Desc" ShopHide="0" DisplayLootEffect="1" ShowProbability="1" ShopLabel="HigherChanceLable" />
	
	<Pack Name="MonkChestShardsSmall" Image="monk_chest" Purchasable="true" LootContainerName="MonkChestShardsSmall" GemsPrice="1500000" CurrencyOnly="true" Description="MonkChestSmall_Desc" ShopHide="0" DisplayLootEffect="1" ShowProbability="1">
      <CurrencyCost Name="MonkShard" Value="7500" />
    </Pack>
    
    <Pack Name="SentinelChestSmall" Image="img_dragon_chest" LootContainerName="SentinelChestSmall" GemsPrice="599" Purchasable="true" Description="SentinelChestSmall_Desc" ShopHide="0" DisplayLootEffect="1" ShowProbability="1" ShopLabel="HigherChanceLable" />

	<Pack Name="SentinelChestShardsSmall" Image="img_dragon_chest" Purchasable="true" LootContainerName="SentinelChestShardsSmall" GemsPrice="1500000" CurrencyOnly="true" Description="SentinelChestSmallShards_Desc" ShopHide="0" DisplayLootEffect="1" ShowProbability="1">
      <CurrencyCost Name="SentinelShard" Value="10000" />
    </Pack>
	
    <Pack Name="NeoWandererChestSmall" Image="img_neo_wanderer" LootContainerName="NeoWandererChestSmall" GemsPrice="399" Purchasable="true" Description="NeoWandererSmall_Desc" DisplayLootEffect="1" ShowProbability="1" PackLabel="RAID_ZONE_4" ShopLabel="HigherChanceLable" />
	
	<Pack Name="NeoWandererChestShardsSmall" Image="img_neo_wanderer" LootContainerName="NeoWandererChestShardsSmall" GemsPrice="1500000" CurrencyOnly="true" Purchasable="true" Description="NeoWandererSmall_Desc" DisplayLootEffect="1" PackLabel="RAID_ZONE_4" ShowProbability="1">
         <CurrencyCost Name="WandererShard" Value="8500" />
    </Pack>
	
    <Pack Name="titleBoosterpackBuy" Image="boosterpack" LootContainerName="BoosterPackShop" GemsPrice="99" Purchasable="true" Description="descBoosterpackBuy{textures/raids/spheres_reward/sphere1_icon.png}{4}{textures/raids/spheres_reward/sphere2_icon.png}{2}{textures/raids/spheres_reward/sphere3_icon.png}{1}{textures/misc/ruby.png}" DisplayLootEffect="1" ShowProbability="1" />    	

    
  
    <Pack Name="Sphere1_Name" Image="sphere1" LootContainerName="Pack_Sphere1_Name" GemsPrice="5" Purchasable="true" Description="Description_Sphere" />
    <Pack Name="Sphere2_Name" Image="sphere2" LootContainerName="Pack_Sphere2_Name" GemsPrice="25" Purchasable="true" Description="Description_Sphere" />
    <Pack Name="Sphere3_Name" Image="sphere3" LootContainerName="Pack_Sphere3_Name" GemsPrice="35" Purchasable="true" Description="Description_Sphere" />

     
    <Pack Name="RaidStarterPack" Image="raid_starterpack" LootContainerName="RaidStarterPack" GemsPrice="199" Purchasable="true" Description="dlgRaidStarterPack" ShopHide="1" DisplayLootEffect="1" />
    
      
    <Pack Name="titleBoosterpackLoss" Image="boosterpack" LootContainerName="BoosterPackLoss" GemsPrice="49" Purchasable="true" Description="dlgBoosterPackLoss" ShopHide="1" DisplayLootEffect="1" ShowProbability="1" />

    <Pack Name="ShardMonkName" Image="UI/Atlases/RaidCurrency1_Base.MonkShard" LootContainerName="PackShardMonk" GemsPrice="100000" Purchasable="false" Description="ShardMonkDescription" ShopButtonHide="1" />
    <Pack Name="ShardSentinelName" Image="UI/Atlases/RaidCurrency1_Base.SentinelShard" LootContainerName="PackShardSentinel" GemsPrice="100000" Purchasable="false" Description="ShardSentinelDescription" ShopButtonHide="1" />
    <Pack Name="ShardNeoWandererName" Image="UI/Atlases/RaidCurrency1_Base.NeoWandererShard" LootContainerName="PackShardNeoWanderer" GemsPrice="100000" Purchasable="false" Description="PackShardNeoWanderer" ShopButtonHide="1" PackLabel="RAID_ZONE_4" />
    <Pack Name="MysteryTicketPack" Image="UI/Items/img_mystery_tickets" LootContainerName="PackMysteryTicket" GemsPrice="100000" Purchasable="false" Description="MysteryTicketPack_desc" ShopButtonHide="1" />
	

	<Pack Name="EnchantChest1" Alias="EnchantChest" Image="enchant_chest" LootContainerName="EnchantChest_Zone1" GemsPrice="79" Purchasable="true" Description="descForgeChest{textures/misc/forge_green.png}{500}{textures/misc/forge_red.png}{200}{textures/misc/forge_purple.png}{20}" DisplayLootEffect="1" LevelRestrictionMin="1" LevelRestrictionMax="6" />
	<Pack Name="EnchantChest2" Alias="EnchantChest" Image="enchant_chest" LootContainerName="EnchantChest_Zone2" GemsPrice="79" Purchasable="true" Description="descForgeChest{textures/misc/forge_green.png}{800}{textures/misc/forge_red.png}{300}{textures/misc/forge_purple.png}{30}" DisplayLootEffect="1" LevelRestrictionMin="7" LevelRestrictionMax="12" />
	<Pack Name="EnchantChest3" Alias="EnchantChest" Image="enchant_chest" LootContainerName="EnchantChest_Zone3" GemsPrice="79" Purchasable="true" Description="descForgeChest{textures/misc/forge_green.png}{2200}{textures/misc/forge_red.png}{900}{textures/misc/forge_purple.png}{190}" DisplayLootEffect="1" LevelRestrictionMin="13" LevelRestrictionMax="18" />
	<Pack Name="EnchantChest4" Alias="EnchantChest" Image="enchant_chest" LootContainerName="EnchantChest_Zone4" GemsPrice="89" Purchasable="true" Description="descForgeChest{textures/misc/forge_green.png}{6500}{textures/misc/forge_red.png}{2700}{textures/misc/forge_purple.png}{530}" DisplayLootEffect="1" LevelRestrictionMin="19" LevelRestrictionMax="24" />    
	<Pack Name="EnchantChest5" Alias="EnchantChest" Image="enchant_chest" LootContainerName="EnchantChest_Zone5" GemsPrice="89" Purchasable="true" Description="descForgeChest{textures/misc/forge_green.png}{20000}{textures/misc/forge_red.png}{8000}{textures/misc/forge_purple.png}{1300}" DisplayLootEffect="1" LevelRestrictionMin="25" LevelRestrictionMax="30" />    
	<Pack Name="EnchantChest6" Alias="EnchantChest" Image="enchant_chest" LootContainerName="EnchantChest_Zone6" GemsPrice="89" Purchasable="true" Description="descForgeChest{textures/misc/forge_green.png}{57000}{textures/misc/forge_red.png}{24000}{textures/misc/forge_purple.png}{3800}" DisplayLootEffect="1" LevelRestrictionMin="31" LevelRestrictionMax="36" />    
	<Pack Name="EnchantChestIM" Alias="EnchantChest" Image="enchant_chest" LootContainerName="EnchantChest_ZoneIM" GemsPrice="89" Purchasable="true" Description="descForgeChest{textures/misc/forge_green.png}{110000}{textures/misc/forge_red.png}{55000}{textures/misc/forge_purple.png}{7100}" DisplayLootEffect="1" LevelRestrictionMin="37" LevelRestrictionMax="43" />    
	<Pack Name="EnchantChest7_1" Alias="EnchantChest" Image="enchant_chest" LootContainerName="EnchantChest_Zone7_1" GemsPrice="89" Purchasable="true" Description="descForgeChest{textures/misc/forge_green.png}{450000}{textures/misc/forge_red.png}{100000}{textures/misc/forge_purple.png}{30000}" DisplayLootEffect="1" LevelRestrictionMin="44" LevelRestrictionMax="46" />   
	<Pack Name="EnchantChest7_2" Alias="EnchantChest" Image="enchant_chest" LootContainerName="EnchantChest_Zone7_2" GemsPrice="99" Purchasable="true" Description="descForgeChest{textures/misc/forge_green.png}{933000}{textures/misc/forge_red.png}{225000}{textures/misc/forge_purple.png}{50000}" DisplayLootEffect="1" LevelRestrictionMin="47" LevelRestrictionMax="49" />    
	<Pack Name="EnchantChest7_3" Alias="EnchantChest" Image="enchant_chest" LootContainerName="EnchantChest_Zone7_3" GemsPrice="199" Purchasable="true" Description="descForgeChest{textures/misc/forge_green.png}{1140000}{textures/misc/forge_red.png}{300000}{textures/misc/forge_purple.png}{100000}" DisplayLootEffect="1" LevelRestrictionMin="50" LevelRestrictionMax="52" />		
<Pack Name="TicketMysteryBox" Image="img_surpriseBox" LootContainerName="Lottery_Gems" GemsPrice="19" Purchasable="true" Description="TicketMysteryBox_desc" ShopHide="0" DisplayLootEffect="0" LotteryDialogType="RaidItemPack">
		<CurrencyCost Name="MysteryTicket" Value="1" />
    </Pack>
	 
    <Pack Name="TicketMysteryBox_Tickets" Image="img_surpriseBox" LootContainerName="Lottery_Tickets" GemsPrice="19" Purchasable="true" Description="TicketMysteryBox_desc" ShopHide="1" DisplayLootEffect="0" LotteryDialogType="RaidItemPack">
       <CurrencyCost Name="MysteryTicket" Value="1" />
    </Pack> 

    
    
       
    <Pack Name="TicketMysteryBox_X5" Image="img_surpriseBox" LootContainerName="Lottery_Gems" GemsPrice="16" Purchasable="true" Description="TicketMysteryBox_desc" ShopHide="1" DisplayLootEffect="0" LotteryDialogType="RaidItemPack" />
    
    
          	
    <Pack Name="TicketMysteryBox_Junior" Image="img_surpriseBox_junior" LootContainerName="Lottery_Gems_Junior" GemsPrice="19" Purchasable="true" Description="TicketMysteryBox_Junior_desc" ShopHide="1" DisplayLootEffect="0" LotteryDialogType="RaidItemPack">
		<CurrencyCost Name="MysteryTicket" Value="1" />
    </Pack>
	 
    <Pack Name="TicketMysteryBox_Junior_Tickets" Image="img_surpriseBox_junior" LootContainerName="Lottery_Tickets_Junior" GemsPrice="19" Purchasable="true" Description="TicketMysteryBox_desc" ShopHide="1" DisplayLootEffect="0" LotteryDialogType="RaidItemPack">
       <CurrencyCost Name="MysteryTicket" Value="1" />
    </Pack> 

    
    
       
    <Pack Name="TicketMysteryBox_Junior_X5" Image="img_surpriseBox_junior" LootContainerName="Lottery_Gems_Junior" GemsPrice="16" Purchasable="true" Description="TicketMysteryBox_desc" ShopHide="1" DisplayLootEffect="0" LotteryDialogType="RaidItemPack" />
	
   	
	
    <Pack Name="MonkChestLottery" Image="monk_chest" Purchasable="true" Description="MonkChestSmall_Desc" ShopHide="1" DisplayLootEffect="1" ShowProbability="1" />
    
    <Pack Name="MonkChestLottery2" Image="monk_chest" Purchasable="true" Description="MonkChestSmall_Desc" ShopHide="1" DisplayLootEffect="1" ShowProbability="1" />
    
    
    <Pack Name="MonkChestLottery_Gems_Junior" Image="monk_chest" Purchasable="true" Description="MonkChestSmall_Desc" ShopHide="1" DisplayLootEffect="1" ShowProbability="1" />
    <Pack Name="MonkChestLottery2_Gems_Junior" Image="monk_chest" Purchasable="true" Description="MonkChestSmall_Desc" ShopHide="1" DisplayLootEffect="1" ShowProbability="1" />
   


	
    <Pack Name="LotteryX5ChestGems" Image="LotteryX5Chest" Purchasable="true" Description="MonkChestSmall_Desc" ShopHide="1" DisplayLootEffect="1" ShowProbability="1" />
   
    <Pack Name="LotteryX5ChestGems_Junior" Image="LotteryX5Chest" Purchasable="true" Description="MonkChestSmall_Desc" ShopHide="1" DisplayLootEffect="1" ShowProbability="1" />


    
    
<Pack Name="Pile_Key0" Image="pile_base_keys" LootContainerName="Pack_Pile_Key0" GemsPrice="14" Purchasable="true" Description="Pile_Key0Dsc" DisplayLootEffect="1" />
    <Pack Name="Key0_Raid_Enter" LootContainerName="Pack_Key0_Raid_Enter" GemsPrice="5" Purchasable="true" Description="Pile_Key0Dsc" ShopHide="1" DisplayLootEffect="1" />
    <Pack Name="Key1_Raid_Enter" LootContainerName="Pack_Key1_Raid_Enter" GemsPrice="10" Purchasable="true" Description="Pile_Key0Dsc" ShopHide="1" DisplayLootEffect="1" />
    <Pack Name="Key2_Raid_Enter" LootContainerName="Pack_Key2_Raid_Enter" GemsPrice="15" Purchasable="true" Description="Pile_Key0Dsc" ShopHide="1" DisplayLootEffect="1" />
    <Pack Name="Key3_Raid_Enter" LootContainerName="Pack_Key3_Raid_Enter" GemsPrice="20" Purchasable="true" Description="Pile_Key0Dsc" ShopHide="1" DisplayLootEffect="1" />
    <Pack Name="Key4_Raid_Enter" LootContainerName="Pack_Key4_Raid_Enter" GemsPrice="23" Purchasable="true" Description="Pile_Key0Dsc" ShopHide="1" DisplayLootEffect="1" />
    <Pack Name="Key5_Raid_Enter" LootContainerName="Pack_Key5_Raid_Enter" GemsPrice="23" Purchasable="true" Description="Pile_Key0Dsc" ShopHide="1" DisplayLootEffect="1" />
    <Pack Name="Key6_Raid_Enter" LootContainerName="Pack_Key6_Raid_Enter" GemsPrice="25" Purchasable="true" Description="Pile_Key0Dsc" ShopHide="1" DisplayLootEffect="1" />
    <Pack Name="Key7_Raid_Enter" LootContainerName="Pack_Key7_Raid_Enter" GemsPrice="27" Purchasable="true" Description="Pile_Key0Dsc" ShopHide="1" DisplayLootEffect="1" />
    <Pack Name="Key8_Raid_Enter" LootContainerName="Pack_Key8_Raid_Enter" GemsPrice="27" Purchasable="true" Description="Pile_Key0Dsc" ShopHide="1" DisplayLootEffect="1" />
    <Pack Name="Key9_Raid_Enter" LootContainerName="Pack_Key9_Raid_Enter" GemsPrice="35" Purchasable="true" Description="Pile_Key0Dsc" ShopHide="1" DisplayLootEffect="1" />
    <Pack Name="Key10_Raid_Enter" LootContainerName="Pack_Key10_Raid_Enter" GemsPrice="35" Purchasable="true" Description="Pile_Key0Dsc" ShopHide="1" DisplayLootEffect="1" />
    <Pack Name="Key11_Raid_Enter" LootContainerName="Pack_Key11_Raid_Enter" GemsPrice="37" Purchasable="true" Description="Pile_Key0Dsc" ShopHide="1" DisplayLootEffect="1" />
    <Pack Name="Key12_Raid_Enter" LootContainerName="Pack_Key12_Raid_Enter" GemsPrice="37" Purchasable="true" Description="Pile_Key0Dsc" ShopHide="1" DisplayLootEffect="1" />
    <Pack Name="Key13_Raid_Enter" LootContainerName="Pack_Key13_Raid_Enter" GemsPrice="40" Purchasable="true" Description="Pile_Key0Dsc" ShopHide="1" DisplayLootEffect="1" />
		
	
    <Pack Name="Key_RaidAscension_Enter" LootContainerName="Pack_Key_RaidAscension_Enter" GemsPrice="9" Purchasable="true" Description="Pile_Key0Dsc" ShopHide="1" />
<Pack Name="PotionResistance_Sales" Alias="PotionResistance" Image="RaidItems3.potion_resistance" LootContainerName="Pack_PotionResistance" GemsPrice="24" Purchasable="true" Description="Potion_resistance_hint" DiscountHides="PotionResistance" StartTime="2024-12-06T19:00:00Z" EndTime="2024-12-13T19:00:00Z" ShopHide="0" DisplayLootEffect="1">
			<MapButtonImage Width="365" Height="247" CustomTimerBG="0">
				<Image Name="RaidItems3.potion_resistance" PosX="-50" PosY="0" ScaleX="0.5" ScaleY="0.5" />
			</MapButtonImage>
			</Pack>
    
		<Pack Name="PotionBomb_Sales" Alias="PotionBomb" Image="RaidItems3.potion_blood_bomb" LootContainerName="Pack_PotionBomb" GemsPrice="22" Purchasable="true" Description="Potion_bomb_hint" DiscountHides="PotionBomb" StartTime="2024-08-16T19:00:00Z" EndTime="2024-08-23T19:00:00Z" ShopHide="0" DisplayLootEffect="1">
			<MapButtonImage Width="365" Height="247" CustomTimerBG="0">
				<Image Name="RaidItems3.potion_blood_bomb" PosX="-50" PosY="0" ScaleX="0.5" ScaleY="0.5" />
			</MapButtonImage>
	  	</Pack>

    <Pack Name="PotionLegend_Sales" Alias="PotionLegend" Image="RaidItems3.potion_phoenix" LootContainerName="Pack_PotionLegend" GemsPrice="19" Purchasable="true" Description="Potion_legend_hint" DiscountHides="PotionLegend" StartTime="2024-08-23T19:00:00Z" EndTime="2024-08-30T19:00:00Z" ShopHide="0" DisplayLootEffect="1">
			<MapButtonImage Width="365" Height="247" CustomTimerBG="0">
				<Image Name="RaidItems3.potion_phoenix" PosX="-50" PosY="0" ScaleX="0.5" ScaleY="0.5" />
			</MapButtonImage>
      </Pack>

    <Pack Name="PotionMagic_Sales" Alias="PotionMagic" Image="RaidItems3.potion_magic" LootContainerName="Pack_PotionMagic" GemsPrice="13" Purchasable="true" Description="Potion_magic_hint" DiscountHides="PotionMagic" StartTime="2024-08-30T19:00:00Z" EndTime="2024-09-06T19:00:00Z" ShopHide="0" DisplayLootEffect="1">
			<MapButtonImage Width="365" Height="247" CustomTimerBG="0">
				<Image Name="RaidItems3.potion_magic" PosX="-50" PosY="0" ScaleX="0.5" ScaleY="0.5" />
			</MapButtonImage>
      </Pack>

    <Pack Name="PotionLife_Sales" Alias="PotionLife" Image="RaidItems3.potion_life" LootContainerName="Pack_PotionLife" GemsPrice="9" Purchasable="true" Description="Potion_life_hint" DiscountHides="PotionLife" StartTime="2024-09-13T19:00:00Z" EndTime="2024-09-20T19:00:00Z" ShopHide="0" DisplayLootEffect="1">
			<MapButtonImage Width="365" Height="247" CustomTimerBG="0">
				<Image Name="RaidItems3.potion_life" PosX="-50" PosY="0" ScaleX="0.5" ScaleY="0.5" />
			</MapButtonImage>
      </Pack>


    <Pack Name="PotionSpikes_Sales" Alias="PotionSpikes" Image="RaidItems3.potion_spikes" LootContainerName="Pack_PotionSpikes" GemsPrice="9" Purchasable="true" Description="Potion_spikes_hint" DiscountHides="PotionSpikes" StartTime="2024-10-11T19:00:00Z" EndTime="2024-10-18T19:00:00Z" ShopHide="0" DisplayLootEffect="1">
			<MapButtonImage Width="365" Height="247" CustomTimerBG="0">
				<Image Name="RaidItems3.potion_spikes" PosX="-50" PosY="0" ScaleX="0.5" ScaleY="0.5" />
			</MapButtonImage>
      </Pack>

    <Pack Name="PotionRock_Sales" Alias="PotionRock" Image="RaidItems3.potion_rock" LootContainerName="Pack_PotionRock" GemsPrice="9" Purchasable="true" Description="Potion_rock_hint" DiscountHides="PotionRock" StartTime="2024-10-18T19:00:00Z" EndTime="2024-10-25T19:00:00Z" ShopHide="0" DisplayLootEffect="1">
			<MapButtonImage Width="365" Height="247" CustomTimerBG="0">
				<Image Name="RaidItems3.potion_rock" PosX="-50" PosY="0" ScaleX="0.5" ScaleY="0.5" />
			</MapButtonImage>
      </Pack>


        
    <Pack Name="PotionResistance" Image="RaidItems3.potion_resistance" LootContainerName="Pack_PotionResistance" GemsPrice="35" Purchasable="true" Description="Potion_resistance_hint" ShopHide="0">
			</Pack>
   
    
    <Pack Name="PotionBomb" Image="RaidItems3.potion_blood_bomb" LootContainerName="Pack_PotionBomb" GemsPrice="32" Purchasable="true" Description="Potion_bomb_hint" ShopHide="0">
	  	</Pack>

    <Pack Name="PotionLegend" Image="RaidItems3.potion_phoenix" LootContainerName="Pack_PotionLegend" GemsPrice="28" Purchasable="true" Description="Potion_legend_hint" ShopHide="0">
      </Pack>

 
    <Pack Name="PotionMagic" Image="RaidItems3.potion_magic" LootContainerName="Pack_PotionMagic" GemsPrice="19" Purchasable="true" Description="Potion_magic_hint" ShopHide="0">
      </Pack>
 

    <Pack Name="PotionLife" Image="RaidItems3.potion_life" LootContainerName="Pack_PotionLife" GemsPrice="13" Purchasable="true" Description="Potion_life_hint" ShopHide="0">
      </Pack>

    <Pack Name="PotionSpikes" Image="RaidItems3.potion_spikes" LootContainerName="Pack_PotionSpikes" GemsPrice="13" Purchasable="true" Description="Potion_spikes_hint" ShopHide="0">
      </Pack>

    <Pack Name="PotionRock" Image="RaidItems3.potion_rock" LootContainerName="Pack_PotionRock" GemsPrice="13" Purchasable="true" Description="Potion_rock_hint" ShopHide="0">
      </Pack>
</Packs>
</RaidItems>