<?xml version='1.0' encoding='utf-8'?>
<Localization>
	<Words>
		<Word Title="raidUpdateVersionMessage">有新版本， 商店中更 新也许尚 未可用，
	不过很快 将会解锁。 在此期间，
	请勿卸载应用。 感谢您的 耐心等待。</Word>
		<Word Title="OK">确定</Word>
		<Word Title="dlgStoryBtnOk">确定</Word>
		<Word Title="SERVER_ERROR_RESPONSE">服务器回应错误</Word>
		<Word Title="dlgServiceTitlePackDownload">需要下载！</Word>
  <Word Title="ENCHANTMENT_MAGMA">吼叱熔火</Word>
	<Word Title="VOLCANO_SET_TITLE">深渊印记</Word>
	<Word Title="ARMOR_RAID_VOLCANO_SET">灰烬低语</Word>
	<Word Title="HELM_RAID_VOLCANO_SET">炎灼花冠</Word>
	<Word Title="RANGED_RAID_VOLCANO_SET">龙之泪</Word>
	</Words>
</Localization>