<?xml version='1.0' encoding='utf-8'?>
<Localization>
  <Words>
    <Word Title="raidUpdateVersionMessage">有可用的新更新。 如果更新在商店尚未開放， 請稍加等待， 很快就會解鎖。 在此期間請勿移除應用程式。 感謝您的耐心。</Word>      
		<Word Title="OK">确定</Word>
		<Word Title="dlgStoryBtnOk">确定</Word>
		<Word Title="SERVER_ERROR_RESPONSE">伺服器回應錯誤</Word>
		<Word Title="dlgServiceTitlePackDownload">需要下載！</Word>
  <Word Title="ENCHANTMENT_MAGMA">轟隆發光體</Word>
	<Word Title="VOLCANO_SET_TITLE">深淵印記</Word>
	<Word Title="ARMOR_RAID_VOLCANO_SET">塵埃低語</Word>
	<Word Title="HELM_RAID_VOLCANO_SET">燃燒的花圈</Word>
	<Word Title="RANGED_RAID_VOLCANO_SET">神龍之淚</Word>
	</Words>
</Localization>