<?xml version='1.0' encoding='utf-8'?>
<Localization>
  <Words> 
    <Word Title="Two_Players">On 2 players</Word>
    <Word Title="Two_Players_fast">Two players fast</Word>
    <Word Title="raidUpdateVersionMessage">New version available. If the update is not available in the store yet, it will be unlocked soon. Please don't uninstall the app during this period. Thanks for your patience.</Word>
    <Word Title="OK">OK</Word>
    <Word Title="dlgStoryBtnOk">OK</Word>
    <Word Title="SERVER_ERROR_RESPONSE">Server response error</Word>
    <Word Title="dlgServiceTitlePackDownload">LOADING REQUIRED!</Word>

	<Word Title="ENCHANTMENT_MAGMA">Roaring Luminary</Word>
	<Word Title="VOLCANO_SET_TITLE">Abyss Mark</Word>
	<Word Title="ARMOR_RAID_VOLCANO_SET">Ash Whisper </Word>
	<Word Title="HELM_RAID_VOLCANO_SET">Burning Wreath</Word>
	<Word Title="RANGED_RAID_VOLCANO_SET">Dragon's Tear</Word>
	</Words>
</Localization>