<?xml version='1.0' encoding='utf-8'?>
<Localization>
  <Words>
    <Word Title="raidUpdateVersionMessage">Nouvelle version disponible. Si la mise à jour n'est pas encore disponible via le store, elle sera bientôt débloquée. Dans tous les cas de figure, veuillez ne pas désinstaller l'appli. Merci de votre patience.</Word>
		<Word Title="OK">OK</Word>	
    <Word Title="dlgStoryBtnOk">OK</Word>
    <Word Title="SERVER_ERROR_RESPONSE">Erreur de réponse du serveur</Word>
    <Word Title="dlgServiceTitlePackDownload">CHARGEMENT REQUIS !</Word>
  <Word Title="ENCHANTMENT_MAGMA">Luminaire rugissant</Word>
	<Word Title="VOLCANO_SET_TITLE">Marque de l'abîme</Word>
	<Word Title="ARMOR_RAID_VOLCANO_SET">Murmure des cendres</Word>
	<Word Title="HELM_RAID_VOLCANO_SET">Couronne ardente</Word>
	<Word Title="RANGED_RAID_VOLCANO_SET">Larme de dragon</Word>
	</Words>
</Localization>