<?xml version='1.0' encoding='utf-8'?>
<Localization>
  <Words>
    <Word Title="raidUpdateVersionMessage">Neue Version verfügbar. Wenn das Update im Appstore noch nicht erhältlich ist, wird es bald freigeschaltet. Bitte deinstalliere die App während dieses Zeitraums nicht. Danke für deine Geduld.</Word>
		<Word Title="OK">OK</Word>
    <Word Title="dlgStoryBtnOk">OK</Word>
    <Word Title="SERVER_ERROR_RESPONSE">Server antwortet nicht</Word>
    <Word Title="dlgServiceTitlePackDownload">DOWNLOAD NOTWENDIG!</Word>
	<Word Title="VOLCANO_SET_TITLE">Zeichen des Abgrunds</Word>
	<Word Title="ARMOR_RAID_VOLCANO_SET">Asche-Geflüster</Word>
	<Word Title="HELM_RAID_VOLCANO_SET">Brennender Kranz</Word>
	<Word Title="SetUi_Collect_Text">Sammle alle angezeigten Ausrüstungsgegenstände mit Funktion {0} und erhalte die Chance, andere Gegenstände mit {1} Effekt zu verzaubern.</Word>
	<Word Title="RANGED_RAID_VOLCANO_SET">Drachenträne</Word>
	</Words>
</Localization>