<?xml version='1.0' encoding='utf-8'?>
<Localization>
  <Words>      
	 <Word Title="OK">OK</Word>
    <Word Title="raidUpdateVersionMessage">È arrivata una nuova versione. Se l'aggiornamento non è ancora disponibile al negozio, lo sarà presto. Nel frattempo, non disinstallare l'applicazione. Grazie per la pazienza.</Word>	 
    <Word Title="dlgStoryBtnOk">OK</Word>
    <Word Title="SERVER_ERROR_RESPONSE">Errore nella risposta del server</Word>
    <Word Title="dlgServiceTitlePackDownload">SCARICAMENTO RICHIESTO!</Word>
  <Word Title="ENCHANTMENT_MAGMA">Luce ruggente</Word>
	<Word Title="VOLCANO_SET_TITLE">Marchio dell'abisso</Word>
	<Word Title="ARMOR_RAID_VOLCANO_SET">Sussurro della cenere</Word>
	<Word Title="HELM_RAID_VOLCANO_SET">Ghirlanda ardente</Word>
	<Word Title="RANGED_RAID_VOLCANO_SET">Lacrime del drago</Word>
	</Words>
</Localization>