<?xml version='1.0' encoding='utf-8'?>
<Localization>
  <Words>      
    <Word Title="raidUpdateVersionMessage">新バージョンが登場しました。まだストアでアップデートが見えない場合、まもなくダウンロード可能になります。この期間中にアプリをアンインストールしないでください。ご協力ありがとうございます。</Word>
		<Word Title="OK">OK</Word>
		<Word Title="dlgStoryBtnOk">OK</Word>
		<Word Title="SERVER_ERROR_RESPONSE">サー バー 応答エラー</Word>
		<Word Title="dlgServiceTitlePackDownload">ダウンロー ドが必要です！</Word>
  <Word Title="ENCHANTMENT_MAGMA">猛火の煌めき</Word>
	<Word Title="VOLCANO_SET_TITLE">深淵の印</Word>
	<Word Title="ARMOR_RAID_VOLCANO_SET">灰燼の囁き</Word>
	<Word Title="HELM_RAID_VOLCANO_SET">燃え盛る花冠</Word>
	<Word Title="RANGED_RAID_VOLCANO_SET">龍の涙</Word>
	</Words>
</Localization>