<?xml version='1.0' encoding='utf-8'?>
<Localization>
  <Words>
    <Word Title="raidUpdateVersionMessage">새버전을사용 할수있습니다. 업데이트를아직 상점에서사용할수없는 경우곧잠금해제될것입니다. 이기간동안앱을 삭제하지마십시오. 기다려주셔서 감사합니다.</Word>
		<Word Title="OK">확인</Word>
        <Word Title="dlgStoryBtnOk">확인</Word>
        <Word Title="SERVER_ERROR_RESPONSE">서버 응답 오류</Word>
        <Word Title="dlgServiceTitlePackDownload">로딩 필요!</Word>
  <Word Title="ENCHANTMENT_MAGMA">맹렬하게 타는 빛</Word>
	<Word Title="VOLCANO_SET_TITLE">심연의 표적</Word>
	<Word Title="ARMOR_RAID_VOLCANO_SET">재의 속삭임</Word>
	<Word Title="HELM_RAID_VOLCANO_SET">타오르는 화관</Word>
	<Word Title="RANGED_RAID_VOLCANO_SET">용의 눈물</Word>
	</Words>
</Localization>