<?xml version='1.0' encoding='utf-8'?>
<Localization>
  <Words>
	 <Word Title="OK">OK</Word>
    <Word Title="raidUpdateVersionMessage">Nova versão disponível. Se a atualização ainda não estiver disponível na loja, ela será liberada em breve. Por favor, não desinstale o aplicativo durante este período. Obrigado pela paciência.</Word>	 
    <Word Title="dlgStoryBtnOk">OK</Word>
    <Word Title="SERVER_ERROR_RESPONSE">Erro de resposta do servidor</Word>
    <Word Title="dlgServiceTitlePackDownload">REQUER DOWNLOAD DE DADOS!</Word>
  <Word Title="ENCHANTMENT_MAGMA">Lanterna Crepitante</Word>
	<Word Title="VOLCANO_SET_TITLE">Marca do Abismo</Word>
	<Word Title="ARMOR_RAID_VOLCANO_SET">Murmúrio da Cinza</Word>
	<Word Title="HELM_RAID_VOLCANO_SET">Coroa em Chamas</Word>
	<Word Title="RANGED_RAID_VOLCANO_SET">Lágrimas do Dragão</Word>
	</Words>
</Localization>