<?xml version='1.0' encoding='utf-8'?>
<Localization>
  <Words>
    <Word Title="Two_Players">На 2 игрока</Word>
    <Word Title="Two_Players_fast">2ИгрокаБыстро</Word>
	<Word Title="OK">OK</Word>
		<Word Title="raidUpdateVersionMessage">Доступна новая версия!
Если ее нет в магазине, значит она появится там в ближайшее время.
Пожалуйста, не удаляйте игру в этот период.
Спасибо за терпение!</Word>
<Word Title="dlgStoryBtnOk">ОК</Word>
<Word Title="SERVER_ERROR_RESPONSE">Сервер не отвечает</Word>
<Word Title="dlgServiceTitlePackDownload">НЕОБХОДИМА ПОДГРУЗКА!</Word>
	<Word Title="ENCHANTMENT_MAGMA">Ревущий Светоч</Word>
	<Word Title="VOLCANO_SET_TITLE">Клеймо Бездны</Word>
	<Word Title="ARMOR_RAID_VOLCANO_SET">Пепельный Шепот</Word>
	<Word Title="HELM_RAID_VOLCANO_SET">Жгучий Венец</Word>
	<Word Title="RANGED_RAID_VOLCANO_SET">Слеза Дракона</Word>
	</Words>	
</Localization>