<?xml version='1.0' encoding='utf-8'?>
<Localization>
  <Words>
	 <Word Title="OK">OK</Word>
    <Word Title="raidUpdateVersionMessage">Nueva versión disponible. Si la actualización no está disponible aún en la tienda, se desbloqueará en breve. Por favor, no desinstales la aplicación mientras tanto. Gracias por tu paciencia.</Word>	 
    <Word Title="dlgStoryBtnOk">VALE</Word>
    <Word Title="SERVER_ERROR_RESPONSE">Error de respuesta del servidor</Word>
    <Word Title="dlgServiceTitlePackDownload">¡DESCARGA NECESARIA!</Word>
  <Word Title="ENCHANTMENT_MAGMA">Luminaria rugiente</Word>
	<Word Title="VOLCANO_SET_TITLE">Marca del abismo</Word>
	<Word Title="ARMOR_RAID_VOLCANO_SET">Susurro de cenizas</Word>
	<Word Title="HELM_RAID_VOLCANO_SET">Corona ardiente</Word>
	<Word Title="RANGED_RAID_VOLCANO_SET">Lágrimas de dragón</Word>
	</Words>
</Localization>