<?xml version='1.0' encoding='utf-8'?>
<Localization>
  <Words>      
	 <Word Title="OK">OK</Word>
    <Word Title="raidUpdateVersionMessage">Yeni sürüm mevcut. Eğer güncelleme henüz mağazada mevcut değilse yakında açılacaktır. Lütfen bu dönemde uygulamayı silmeyin. Sabrınız için teşekkür ederiz.</Word>	
    <Word Title="dlgStoryBtnOk">TAMAM</Word>
    <Word Title="SERVER_ERROR_RESPONSE">Sunucu yanıt hatası</Word>
    <Word Title="dlgServiceTitlePackDownload">YÜKLEME GEREKLİ!</Word>
  <Word Title="ENCHANTMENT_MAGMA">Kükreyen Işık</Word>
	<Word Title="VOLCANO_SET_TITLE">Cehennem İşareti</Word>
	<Word Title="ARMOR_RAID_VOLCANO_SET">Kül Fısıltısı</Word>
	<Word Title="HELM_RAID_VOLCANO_SET">Yanan Çelenk</Word>
	<Word Title="RANGED_RAID_VOLCANO_SET">Ejderha Gözyaşı</Word>
	</Words>
</Localization>