<ClanSettings> 
    <ClanCreatePrice GemsValue="350"/>
    <ClanName MaxSymbols="16"/>
    <ClanDescription MaxSymbols="200"/>
    <ClanChat MaxSymbols="256"/>
    <MaxRequests Value="10"/> <!--MAX POSSIBLE VALUE - 100 REQUESTS-->
    <ClanKickCoolDown Value="86400000"/> <!--Milliseconds-->
    <RaidKickCoolDown Value="600000"/> <!--Milliseconds-->
    <HigherRoleForNewMemberThreshold Value="100"/>
    <ClanLevels>
        <Level Value="1" ClanMaxSize="40"/>
    </ClanLevels>
    <ClanRating>
        <RatingWeight PosTo="10" Value="0.5"/>
        <RatingWeight PosTo="20" Value="0.25"/>
        <RatingWeight PosTo="30" Value="0.12"/>
        <RatingWeight PosTo="40" Value="0.1"/>
        <RatingWeight PosTo="50" Value="0.03"/>
    </ClanRating>
    <ClanRoles>
        <Role Name="ClanLeader" Rank="40"/>
        <Role Name="ClanOfficer" Rank="30"/>
        <Role Name="ClanAdept" Rank="20"/>
        <Role Name="ClanNovice" Rank="10"/>
    </ClanRoles>
    <Permissions>
    	<Permission Name="DisbandClan" Rank="40"/>
        <Permission Name="EditIcon" Rank="40"/>
        <Permission Name="EditName" Rank="40"/>
        <Permission Name="EditDescription" Rank="40"/>
        <Permission Name="EditRequirements" Rank="40"/>
        <Permission Name="EditJoinType" Rank="40"/>
        <Permission Name="KickPlayers" Rank="30"/>
        <Permission Name="SetLeader" Rank="40"/>
        <Permission Name="AcceptClanRequests" Rank="30"/>
        <Permission Name="ChangeRole" Rank="30"/><!-- changing all ranks -->
        <Permission Name="InviteToClan" Rank="30"/>
        <Permission Name="CreateClanRaid" Rank="10"/>
        <Permission Name="WriteToChat" Rank="10"/>
        <Permission Name="LeaveClan" Rank="10"/>
    </Permissions>
    <ClanIcons>
        <Icons>
           <image filename="yin_yang"/>  
           <image filename="axe"/>
           <image filename="bottle"/>
           <image filename="crab"/>
           <image filename="cudo"/>
           <image filename="eagle"/>
           <image filename="eye"/>
           <image filename="fan"/>
           <image filename="fire"/>
           <image filename="fish"/>
           <image filename="fist"/>
           <image filename="glaive"/>
           <image filename="hammers"/>
           <image filename="kanji1"/>
           <image filename="katana"/>   
           <image filename="katanas"/>
           <image filename="helix"/>   
           <image filename="lion"/>
           <image filename="lizard"/>
           <image filename="paw"/>
           <image filename="sakura"/>
           <image filename="ankh"/>   
           <image filename="samurai"/>
           <image filename="shuriken"/>
           <image filename="skull"/>
           <image filename="spider"/>
           <image filename="spiral"/>
           <image filename="star"/>
           <image filename="swords"/>
           <image filename="viking"/>
           <image filename="wolf"/>
           <image filename="dragon"/>
           <image filename="eclipse"/>
           <image filename="cat_eye"/>
           <image filename="snail"/>   
           <image filename="tentacle"/>
        </Icons>
        <Backs>
            <image filename="back1" shadow="shadow1"/>
            <image filename="back2" shadow="shadow2"/>
            <image filename="back3" shadow="shadow3"/>
            <image filename="back4" shadow="shadow4"/>
            <image filename="back5" shadow="shadow5"/>
            <image filename="back6" shadow="shadow6"/>
            <image filename="back7" shadow="shadow7"/>
            <image filename="back8" shadow="shadow8"/>
            <image filename="back9" shadow="shadow9"/>
            <image filename="back10" shadow="shadow10"/>
        </Backs>
        <Colors>
            <Preset Back="4ee2a2" Logo="420739"/>
            <Preset Back="8fb828" Logo="532e20"/>
            <Preset Back="eb8711" Logo="235186"/>
            <Preset Back="235186" Logo="eb8711"/>
            <Preset Back="eb4310" Logo="1b2a54"/>
            <Preset Back="ecb42c" Logo="2f1c11"/>
            <Preset Back="2ddaed" Logo="281707"/>
            <Preset Back="ab3511" Logo="182c45"/>
            <Preset Back="164a0d" Logo="f6a00c"/>
            <Preset Back="f6a00c" Logo="164a0d"/>
            <Preset Back="ec5103" Logo="20A300"/>
            <Preset Back="167000" Logo="CC6100"/>
            <Preset Back="fdef26" Logo="1c491b"/>
            <Preset Back="1c491b" Logo="fdef26"/>
            <Preset Back="8695d5" Logo="251d41"/>
            <Preset Back="c26fc3" Logo="7a2754"/>
            <Preset Back="7a2754" Logo="c26fc3"/>
            <Preset Back="376eba" Logo="b10707"/>
            <Preset Back="b10707" Logo="376eba"/>
            <Preset Back="84fade" Logo="0f171b"/>
            <Preset Back="ebf9f8" Logo="3fa7f1"/>
            <Preset Back="3fa7f1" Logo="ebf9f8"/>
            <Preset Back="24c508" Logo="362556"/>
            <Preset Back="f61400" Logo="08090c"/>
            <Preset Back="e6d3a9" Logo="02293b"/>
            <Preset Back="ffdbac" Logo="683b0b"/>
            <Preset Back="e2491b" Logo="4a570b"/>            
						<Preset Back="4a570b" Logo="e2491b"/>
            <Preset Back="ffd34c" Logo="0e3377"/>
            <Preset Back="fce2bc" Logo="b31e1e"/>            
						<Preset Back="b31e1e" Logo="fce2bc"/>
            <Preset Back="DD80CE" Logo="353369"/>			
            <Preset Back="96CC2C" Logo="FF6B6B"/>			
            <Preset Back="FFCC6B" Logo="1D6DCD"/>			
            <Preset Back="188153" Logo="DEEDED"/>			
            <Preset Back="4E3286" Logo="EA8DF7"/>			
            <Preset Back="FDC931" Logo="EA7923"/>			
            <Preset Back="FFB3D3" Logo="86185E"/>	            
            <Preset Back="44EAD4" Logo="F1484F"/>	
            <Preset Back="7FD811" Logo="7D3CC3"/>	
            <Preset Back="00C2B2" Logo="7D2880"/>	
            <Preset Back="C6A5CA" Logo="B7243D"/>	
            <Preset Back="7B00FF" Logo="E8E9E8"/>	
            <Preset Back="FF6866" Logo="000000"/>	
            <Preset Back="FFC8C8" Logo="009E86"/>	            
        </Colors>
    </ClanIcons>
</ClanSettings>
