<Containers>
  <!-- //////////////////////////////////// -->
  <!-- ////////////// LEAGUES ///////////// -->
  <!-- //////////////////////////////////// --> 

  <!-- LEAGUE 1-2 -->
  <AndContainer CName="League_12_FirstPlace" ChestPrizeImage="chest_gold" Blick="effect_chest_gold_blicks">
	  <OrContainer>
			<Consumable Name="WEAPON_C2_Z2_MONK_KATAR" Value="1" Weight="1"/>
			<Consumable Name="ARMOR_C2_Z2_MONK" Value="1" Weight="1"/>
			<Consumable Name="HELM_C2_Z2_MONK" Value="1" Weight="1"/>
			<Consumable Name="RANGED_C2_Z2_MONK_SHURIKEN" Value="1" Weight="1"/>
			<Consumable Name="MAGIC_C2_Z2_MONK_ROOT_STUN" Value="1" Weight="1"/>
	  </OrContainer>
    <OrContainer>
      <Gems Value="4" Weight="4"/>
      <Gems Value="5" Weight="2"/>
      <Gems Value="6" Weight="1"/>
    </OrContainer>
    <OrContainer>
      <Currency Name="Key1" Value="2" Weight="2"/>
      <Currency Name="Key1" Value="3" Weight="2"/>
      <Currency Name="Key1" Value="4" Weight="1"/>
    </OrContainer>
    <OrContainer>
      <Currency Name="Key2" Value="2" Weight="2"/>
      <Currency Name="Key2" Value="3" Weight="1"/>
      <Currency Name="Key2" Value="4" Weight="1"/>
    </OrContainer>
    <OrContainer>
      <Consumable Name="Sphere1_Name" Value="3" Weight="3"/>
      <Consumable Name="Sphere1_Name" Value="4" Weight="2"/>
      <Consumable Name="Sphere1_Name" Value="5" Weight="1"/>
    </OrContainer>
    <Consumable Name="Sphere2_Name" Value="1" Probability="1" />
    <Consumable Name="Sphere2_Name" Value="2" Probability="0.1" />
  </AndContainer>

  <AndContainer CName="League_12_RunnersUp" ChestPrizeImage="chest_silver" Blick="effect_chest_silver_blicks">
	  <OrContainer>
			<Consumable Name="WEAPON_C2_Z2_MONK_KATAR" Value="1" Weight="1"/>
			<Consumable Name="ARMOR_C2_Z2_MONK" Value="1" Weight="1"/>
			<Consumable Name="HELM_C2_Z2_MONK" Value="1" Weight="1"/>
			<Consumable Name="RANGED_C2_Z2_MONK_SHURIKEN" Value="1" Weight="1"/>
			<Consumable Name="MAGIC_C2_Z2_MONK_ROOT_STUN" Value="1" Weight="1"/>
	  </OrContainer>
    <OrContainer>
      <Gems Value="1" Weight="4"/>
      <Gems Value="2" Weight="2"/>
      <Gems Value="3" Weight="1"/>
    </OrContainer>
    <OrContainer>
      <Currency Name="Key1" Value="2" Weight="8"/>
      <Currency Name="Key1" Value="3" Weight="1"/>
      <Currency Name="Key1" Value="4" Weight="1"/>
    </OrContainer>
    <OrContainer>
      <Currency Name="Key2" Value="1" Weight="9"/>
      <Currency Name="Key2" Value="2" Weight="1"/>
      <Currency Name="Key2" Value="3" Weight="1"/>
    </OrContainer>
    <OrContainer>
      <Consumable Name="Sphere1_Name" Value="3" Weight="6"/>
      <Consumable Name="Sphere1_Name" Value="4" Weight="2"/>
      <Consumable Name="Sphere1_Name" Value="5" Weight="1"/>
    </OrContainer>
    <Consumable Name="Sphere2_Name" Value="1" Probability="0.3" />
    <Consumable Name="Sphere2_Name" Value="2" Probability="0.1" />
  </AndContainer>

  <AndContainer CName="League_12_Mid" ChestPrizeImage="chest_bronze" Blick="effect_chest_bronze_blicks">
    <OrContainer>
      <Currency Name="Key1" Value="2" Weight="8"/>
      <Currency Name="Key1" Value="3" Weight="1"/>
    </OrContainer>
    <OrContainer>
      <Currency Name="Key2" Value="1" Weight="2"/>
      <Currency Name="Key2" Value="2" Weight="1"/>
    </OrContainer>
    <OrContainer>
      <Consumable Name="Sphere1_Name" Value="2" Weight="5"/>
      <Consumable Name="Sphere1_Name" Value="3" Weight="2"/>
      <Consumable Name="Sphere1_Name" Value="4" Weight="1"/>
    </OrContainer>
    <Consumable Name="Sphere2_Name" Value="1" Probability="0.3" />
    <Consumable Name="Sphere2_Name" Value="1" Probability="0.1" />
  </AndContainer>

  <AndContainer CName="League_12_Bottom" ChestPrizeImage="chest_raid" Blick="effect_chest_raid_blicks">
    <OrContainer>
      <Currency Name="Key1" Value="1" Weight="8"/>
      <Currency Name="Key1" Value="2" Weight="1"/>
      <Currency Name="Key1" Value="3" Weight="1"/>
    </OrContainer>
    <OrContainer>
      <Currency Name="Key2" Value="1" Weight="9"/>
      <Currency Name="Key2" Value="2" Weight="1"/>
    </OrContainer>
    <OrContainer>
      <Consumable Name="Sphere1_Name" Value="2" Weight="8"/>
      <Consumable Name="Sphere1_Name" Value="3" Weight="1"/>
      <Consumable Name="Sphere1_Name" Value="4" Weight="1"/>
    </OrContainer>
  </AndContainer>

  <!-- LEAGUE 3-4 -->
  <AndContainer CName="League_34_FirstPlace" ChestPrizeImage="chest_gold" Blick="effect_chest_gold_blicks">
	  <OrContainer>
			<Consumable Name="WEAPON_C2_Z2_MONK_KATAR" Value="1" Weight="1"/>
			<Consumable Name="ARMOR_C2_Z2_MONK" Value="1" Weight="1"/>
			<Consumable Name="HELM_C2_Z2_MONK" Value="1" Weight="1"/>
			<Consumable Name="RANGED_C2_Z2_MONK_SHURIKEN" Value="1" Weight="1"/>
			<Consumable Name="MAGIC_C2_Z2_MONK_ROOT_STUN" Value="1" Weight="1"/>
	  </OrContainer>
    <OrContainer>
      <Gems Value="6" Weight="6"/>
      <Gems Value="7" Weight="2"/>
      <Gems Value="8" Weight="1"/>
    </OrContainer>
    <OrContainer>
      <Currency Name="Key1" Value="2" Weight="6"/>
      <Currency Name="Key1" Value="3" Weight="1"/>
      <Currency Name="Key1" Value="4" Weight="1"/>
    </OrContainer>
    <OrContainer>
      <Currency Name="Key2" Value="2" Weight="6"/>
      <Currency Name="Key2" Value="3" Weight="1"/>
      <Currency Name="Key2" Value="4" Weight="1"/>
    </OrContainer>
    <OrContainer>
      <Consumable Name="Sphere1_Name" Value="5" Weight="3"/>
      <Consumable Name="Sphere1_Name" Value="6" Weight="2"/>
      <Consumable Name="Sphere1_Name" Value="7" Weight="1"/>
    </OrContainer>
    <Consumable Name="Sphere2_Name" Value="1" />
    <Consumable Name="Sphere2_Name" Value="2" Probability="0.6" />
    <Consumable Name="Sphere2_Name" Value="1" Probability="0.2" />
  </AndContainer>

  <AndContainer CName="League_34_RunnersUp" ChestPrizeImage="chest_silver" Blick="effect_chest_silver_blicks">
	  <OrContainer>
			<Consumable Name="WEAPON_C2_Z2_MONK_KATAR" Value="1" Weight="1"/>
			<Consumable Name="ARMOR_C2_Z2_MONK" Value="1" Weight="1"/>
			<Consumable Name="HELM_C2_Z2_MONK" Value="1" Weight="1"/>
			<Consumable Name="RANGED_C2_Z2_MONK_SHURIKEN" Value="1" Weight="1"/>
			<Consumable Name="MAGIC_C2_Z2_MONK_ROOT_STUN" Value="1" Weight="1"/>
	  </OrContainer>
    <OrContainer>
      <Gems Value="3" Weight="6"/>
      <Gems Value="4" Weight="2"/>
      <Gems Value="5" Weight="1"/>
    </OrContainer>
    <OrContainer>
      <Currency Name="Key1" Value="1" Weight="6"/>
      <Currency Name="Key1" Value="2" Weight="1"/>
      <Currency Name="Key1" Value="3" Weight="1"/>
    </OrContainer>
    <OrContainer>
      <Currency Name="Key2" Value="2" Weight="6"/>
      <Currency Name="Key2" Value="3" Weight="1"/>
      <Currency Name="Key2" Value="4" Weight="1"/>
    </OrContainer>
    <OrContainer>
      <Consumable Name="Sphere1_Name" Value="4" Weight="5"/>
      <Consumable Name="Sphere1_Name" Value="5" Weight="2"/>
      <Consumable Name="Sphere1_Name" Value="6" Weight="1"/>
    </OrContainer>
    <Consumable Name="Sphere2_Name" Value="1" />
    <Consumable Name="Sphere2_Name" Value="1" Probability="0.3" />
  </AndContainer>

  <AndContainer CName="League_34_Mid" ChestPrizeImage="chest_bronze" Blick="effect_chest_bronze_blicks">
    <OrContainer>
      <Currency Name="Key1" Value="2" Weight="8"/>
      <Currency Name="Key1" Value="3" Weight="1"/>
    </OrContainer>
    <OrContainer>
      <Currency Name="Key2" Value="1" Weight="2"/>
      <Currency Name="Key2" Value="2" Weight="1"/>
      <Currency Name="Key2" Value="3" Weight="1"/>
    </OrContainer>
    <OrContainer>
      <Consumable Name="Sphere1_Name" Value="3" Weight="2"/>
      <Consumable Name="Sphere1_Name" Value="4" Weight="5"/>
      <Consumable Name="Sphere1_Name" Value="5" Weight="1"/>
    </OrContainer>
    <Consumable Name="Sphere2_Name" Value="1" Probability="0.3" />
    <Consumable Name="Sphere2_Name" Value="1" Probability="0.3" />
  </AndContainer>

  <AndContainer CName="League_34_Bottom" ChestPrizeImage="chest_raid" Blick="effect_chest_raid_blicks">
    <OrContainer>
      <Currency Name="Key1" Value="2" Weight="8"/>
      <Currency Name="Key1" Value="3" Weight="1"/>
    </OrContainer>
    <OrContainer>
      <Currency Name="Key2" Value="1" Weight="2"/>
      <Currency Name="Key2" Value="2" Weight="1"/>
    </OrContainer>
    <OrContainer>
      <Consumable Name="Sphere1_Name" Value="3" Weight="7"/>
      <Consumable Name="Sphere1_Name" Value="4" Weight="2"/>
      <Consumable Name="Sphere1_Name" Value="5" Weight="1"/>
    </OrContainer>
  </AndContainer>

  <!-- LEAGUE 5-6 -->
  <AndContainer CName="League_56_FirstPlace" ChestPrizeImage="chest_gold" Blick="effect_chest_gold_blicks">
	  <OrContainer>
			<Consumable Name="WEAPON_C2_Z2_MONK_KATAR" Value="1" Weight="1"/>
			<Consumable Name="ARMOR_C2_Z2_MONK" Value="1" Weight="1"/>
			<Consumable Name="HELM_C2_Z2_MONK" Value="1" Weight="1"/>
			<Consumable Name="RANGED_C2_Z2_MONK_SHURIKEN" Value="1" Weight="1"/>
			<Consumable Name="MAGIC_C2_Z2_MONK_ROOT_STUN" Value="1" Weight="1"/>
	  </OrContainer>
		<OrContainer>
      <Gems Value="8" Weight="7"/>
      <Gems Value="9" Weight="2"/>
      <Gems Value="10" Weight="1"/>
    </OrContainer>
    <OrContainer>
      <Currency Name="Key2" Value="2" Weight="6"/>
      <Currency Name="Key2" Value="3" Weight="1"/>
      <Currency Name="Key2" Value="4" Weight="1"/>
    </OrContainer>
    <OrContainer>
      <Currency Name="Key3" Value="1" Weight="1"/>
      <Currency Name="Key3" Value="2" Weight="6"/>
      <Currency Name="Key3" Value="3" Weight="1"/>
    </OrContainer>
    <OrContainer>
      <Consumable Name="Sphere1_Name" Value="3" Weight="3"/>
      <Consumable Name="Sphere1_Name" Value="4" Weight="2"/>
      <Consumable Name="Sphere1_Name" Value="5" Weight="1"/>
    </OrContainer>
    <Consumable Name="Sphere2_Name" Value="3" />
    <Consumable Name="Sphere2_Name" Value="2" Probability="0.25" />
    <Consumable Name="Sphere2_Name" Value="1" Probability="0.25" />
  </AndContainer>

  <AndContainer CName="League_56_RunnersUp" ChestPrizeImage="chest_silver" Blick="effect_chest_silver_blicks">
	  <OrContainer>
			<Consumable Name="WEAPON_C2_Z2_MONK_KATAR" Value="1" Weight="1"/>
			<Consumable Name="ARMOR_C2_Z2_MONK" Value="1" Weight="1"/>
			<Consumable Name="HELM_C2_Z2_MONK" Value="1" Weight="1"/>
			<Consumable Name="RANGED_C2_Z2_MONK_SHURIKEN" Value="1" Weight="1"/>
			<Consumable Name="MAGIC_C2_Z2_MONK_ROOT_STUN" Value="1" Weight="1"/>
	  </OrContainer>
    <OrContainer>
      <Gems Value="5" Weight="7"/>
      <Gems Value="6" Weight="2"/>
      <Gems Value="7" Weight="1"/>
    </OrContainer>
    <OrContainer>
      <Currency Name="Key2" Value="2" Weight="6"/>
      <Currency Name="Key2" Value="3" Weight="1"/>
      <Currency Name="Key2" Value="4" Weight="1"/>
    </OrContainer>
    <OrContainer>
      <Currency Name="Key3" Value="1" Weight="6"/>
      <Currency Name="Key3" Value="2" Weight="1"/>
      <Currency Name="Key3" Value="3" Weight="1"/>
    </OrContainer>
    <OrContainer>
      <Consumable Name="Sphere1_Name" Value="1" Weight="3"/>
      <Consumable Name="Sphere1_Name" Value="2" Weight="2"/>
      <Consumable Name="Sphere1_Name" Value="3" Weight="1"/>
    </OrContainer>
    <Consumable Name="Sphere2_Name" Value="1" />
    <Consumable Name="Sphere2_Name" Value="2" Probability="0.25" />
    <Consumable Name="Sphere2_Name" Value="1" Probability="0.25" />
  </AndContainer>

  <AndContainer CName="League_56_Mid" ChestPrizeImage="chest_bronze" Blick="effect_chest_bronze_blicks">
    <OrContainer>
      <Currency Name="Key2" Value="1" Weight="1"/>
      <Currency Name="Key2" Value="2" Weight="6"/>
      <Currency Name="Key2" Value="3" Weight="1"/>
    </OrContainer>
    <OrContainer>
      <Currency Name="Key3" Value="1" Weight="6"/>
      <Currency Name="Key3" Value="2" Weight="1"/>
    </OrContainer>
    <OrContainer>
      <Consumable Name="Sphere1_Name" Value="2" Weight="2"/>
      <Consumable Name="Sphere1_Name" Value="3" Weight="5"/>
      <Consumable Name="Sphere1_Name" Value="4" Weight="1"/>
    </OrContainer>
    <Consumable Name="Sphere2_Name" Value="1" />
    <Consumable Name="Sphere2_Name" Value="1" Probability="0.25" />
    <Consumable Name="Sphere2_Name" Value="1" Probability="0.25" />
  </AndContainer>

  <AndContainer CName="League_56_Bottom" ChestPrizeImage="chest_raid" Blick="effect_chest_raid_blicks">
    <OrContainer>
      <Currency Name="Key1" Value="1" Weight="8"/>
      <Currency Name="Key1" Value="2" Weight="1"/>
      <Currency Name="Key1" Value="3" Weight="1"/>
    </OrContainer>
    <OrContainer>
      <Currency Name="Key2" Value="2" Weight="2"/>
      <Currency Name="Key2" Value="3" Weight="1"/>
    </OrContainer>
    <OrContainer>
      <Consumable Name="Sphere1_Name" Value="3" Weight="7"/>
      <Consumable Name="Sphere1_Name" Value="4" Weight="2"/>
      <Consumable Name="Sphere1_Name" Value="5" Weight="1"/>
    </OrContainer>
    <Consumable Name="Sphere2_Name" Value="1" Probability="0.75" />
  </AndContainer>
  
  <!-- LEAGUE 7-8 --> <!-- можно потом чуть поднять общую выгодность наград -->
  <AndContainer CName="League_78_FirstPlace" ChestPrizeImage="chest_gold" Blick="effect_chest_gold_blicks">
	  <OrContainer>
			<Consumable Name="WEAPON_C2_Z2_MONK_KATAR" Value="1" Weight="1"/>
			<Consumable Name="ARMOR_C2_Z2_MONK" Value="1" Weight="1"/>
			<Consumable Name="HELM_C2_Z2_MONK" Value="1" Weight="1"/>
			<Consumable Name="RANGED_C2_Z2_MONK_SHURIKEN" Value="1" Weight="1"/>
			<Consumable Name="MAGIC_C2_Z2_MONK_ROOT_STUN" Value="1" Weight="1"/>
	  </OrContainer>
    <OrContainer>
      <Gems Value="10" Weight="9"/>
      <Gems Value="11" Weight="2"/>
      <Gems Value="12" Weight="1"/>
    </OrContainer>
    <OrContainer>
      <Currency Name="Key3" Value="1" Weight="3"/>
      <Currency Name="Key3" Value="2" Weight="6"/>
      <Currency Name="Key3" Value="3" Weight="1"/>
    </OrContainer>
    <OrContainer>
      <Currency Name="Key4" Value="1" Weight="6"/>
      <Currency Name="Key4" Value="2" Weight="3"/>
      <Currency Name="Key4" Value="3" Weight="1"/>
    </OrContainer>
    <OrContainer>
      <Consumable Name="Sphere1_Name" Value="3" Weight="1"/>
      <Consumable Name="Sphere1_Name" Value="4" Weight="3"/>
      <Consumable Name="Sphere1_Name" Value="5" Weight="2"/>
    </OrContainer>
    <Currency Name="Key5" Value="1" Probability="0.1"/>
    <Consumable Name="Sphere2_Name" Value="4" />
    <Consumable Name="Sphere2_Name" Value="2" Probability="0.25" />
    <Consumable Name="Sphere2_Name" Value="1" Probability="0.25" />
  </AndContainer>

  <AndContainer CName="League_78_RunnersUp" ChestPrizeImage="chest_silver" Blick="effect_chest_silver_blicks">
	  <OrContainer>
			<Consumable Name="WEAPON_C2_Z2_MONK_KATAR" Value="1" Weight="1"/>
			<Consumable Name="ARMOR_C2_Z2_MONK" Value="1" Weight="1"/>
			<Consumable Name="HELM_C2_Z2_MONK" Value="1" Weight="1"/>
			<Consumable Name="RANGED_C2_Z2_MONK_SHURIKEN" Value="1" Weight="1"/>
			<Consumable Name="MAGIC_C2_Z2_MONK_ROOT_STUN" Value="1" Weight="1"/>
	  </OrContainer>
    <OrContainer>
      <Gems Value="7" Weight="9"/>
      <Gems Value="8" Weight="2"/>
      <Gems Value="9" Weight="1"/>
    </OrContainer>
    <OrContainer>
      <Currency Name="Key3" Value="1" Weight="6"/>
      <Currency Name="Key3" Value="2" Weight="1"/>
      <Currency Name="Key3" Value="3" Weight="1"/>
    </OrContainer>
    <OrContainer>
      <Currency Name="Key4" Value="1" Weight="6"/>
      <Currency Name="Key4" Value="2" Weight="1"/>
      <Currency Name="Key4" Value="3" Weight="1"/>
    </OrContainer>
    <OrContainer>
      <Consumable Name="Sphere1_Name" Value="1" Weight="4"/>
      <Consumable Name="Sphere1_Name" Value="2" Weight="3"/>
      <Consumable Name="Sphere1_Name" Value="3" Weight="3"/>
    </OrContainer>
    <Currency Name="Key5" Value="1" Probability="0.05"/>
    <Consumable Name="Sphere2_Name" Value="2" />
    <Consumable Name="Sphere2_Name" Value="1" Probability="0.1" />
    <Consumable Name="Sphere2_Name" Value="1" Probability="0.25" />
  </AndContainer>

  <AndContainer CName="League_78_Mid" ChestPrizeImage="chest_bronze" Blick="effect_chest_bronze_blicks">
    <OrContainer>
      <Currency Name="Key2" Value="2" Weight="6"/>
      <Currency Name="Key2" Value="3" Weight="1"/>
    </OrContainer>
    <OrContainer>
      <Currency Name="Key3" Value="1" Weight="6"/>
      <Currency Name="Key3" Value="2" Weight="1"/>
    </OrContainer>
    <OrContainer>
      <Consumable Name="Sphere1_Name" Value="2" Weight="4"/>
      <Consumable Name="Sphere1_Name" Value="3" Weight="4"/>
    </OrContainer>
    <Currency Name="Key5" Value="1" Probability="0.05"/>
    <Consumable Name="Sphere2_Name" Value="2" />
    <Consumable Name="Sphere2_Name" Value="1" Probability="0.1" />
    <Consumable Name="Sphere2_Name" Value="1" Probability="0.1" />
  </AndContainer>

  <AndContainer CName="League_78_Bottom" ChestPrizeImage="chest_raid" Blick="effect_chest_raid_blicks">
    <OrContainer>
      <Currency Name="Key2" Value="1" Weight="8"/>
      <Currency Name="Key2" Value="2" Weight="1"/>
      <Currency Name="Key2" Value="3" Weight="1"/>
    </OrContainer>
    <OrContainer>
      <Currency Name="Key3" Value="1" Weight="2"/>
      <Currency Name="Key3" Value="2" Weight="1"/>
    </OrContainer>
    <OrContainer>
      <Consumable Name="Sphere1_Name" Value="3" Weight="7"/>
      <Consumable Name="Sphere1_Name" Value="4" Weight="3"/>
      <Consumable Name="Sphere1_Name" Value="5" Weight="3"/>
    </OrContainer>
    <Consumable Name="Sphere2_Name" Value="1" Probability="0.75" />
  </AndContainer>

  <!-- //////////////////////////////////// -->
  <!-- ////////////// BOSSES /////////////  -->
  <!-- //////////////////////////////////// -->


<!-- 0-VULCAN -->
  <AndContainer CName="RaidChestKeyVulcanFirstPlace" ChestPrizeImage="chest_raid" Blick="effect_chest_raid_blicks">
    <Currency Name="Key1" Value="1"/>
    <OrContainer>
      <OrContainer Weight="3">
        <Currency Name="Key1" Value="1" Weight="9"/>
        <Currency Name="Key1" Value="2" Weight="1"/>
      </OrContainer>
      <OrContainer Weight="7">
        <Consumable Name="Sphere1_Name" Value="1" Weight="9" />
        <Consumable Name="Sphere1_Name" Value="2" Weight="1" />
      </OrContainer>
    </OrContainer>
    <Consumable Name="Sphere1_Name" Value="1" Probability="0.1" />
  </AndContainer>

  <AndContainer CName="RaidChestKeyVulcanRestPlaces">
    <Currency Name="Key1" Value="1" />
    <Consumable Name="Sphere1_Name" Value="1" Probability="0.4" />
  </AndContainer>


<!-- 1-MEGALITH -->
  <AndContainer CName="RaidChestKeyMegalithFirstPlace" ChestPrizeImage="chest_raid" Blick="effect_chest_raid_blicks">
    <Currency Name="Key2" Value="1"/>
    <OrContainer>
      <OrContainer Weight="3">
        <Currency Name="Key1" Value="1" Weight="7"/>
        <Currency Name="Key2" Value="2" Weight="3"/>
      </OrContainer>
      <OrContainer Weight="7">
        <Consumable Name="Sphere1_Name" Value="1" Weight="3" />
        <Consumable Name="Sphere1_Name" Value="2" Weight="7" />
      </OrContainer>
    </OrContainer>
    <Consumable Name="Sphere1_Name" Value="2" Probability="1" />
  </AndContainer>

  <AndContainer CName="RaidChestKeyMegalithRestPlaces">
    <Currency Name="Key2" Value="1" />
    <Consumable Name="Sphere1_Name" Value="1" Probability="0.2"/>
  </AndContainer>


<!-- 2-FUNGUS -->
  <AndContainer CName="RaidChestKeyFungusFirstPlace" ChestPrizeImage="chest_raid" Blick="effect_chest_raid_blicks">
    <Currency Name="Key3" Value="1"/>
    <OrContainer>
      <OrContainer Weight="3">
        <Currency Name="Key3" Value="1" Weight="2" />
        <Currency Name="Key0" Value="1" Weight="8" />
      </OrContainer>
      <OrContainer Weight="7">
        <Consumable Name="Sphere2_Name" Value="1" Weight="5" />
        <Consumable Name="Sphere1_Name" Value="2" Weight="5" />
      </OrContainer>
    </OrContainer>
    <Consumable Name="Sphere2_Name" Value="1" Probability="1" />
    <Consumable Name="Sphere1_Name" Value="1" Probability="1" />
  </AndContainer>

  <AndContainer CName="RaidChestKeyFungusRestPlaces">
    <Currency Name="Key3" Value="1"/>
    <Consumable Name="Sphere1_Name" Value="1" Probability="0.5"/>
    <Consumable Name="Sphere1_Name" Value="1" Probability="1"/>
  </AndContainer>


<!-- 3-VORTEX -->
  <AndContainer CName="RaidChestKeyVortexFirstPlace" ChestPrizeImage="chest_raid" Blick="effect_chest_raid_blicks">
		<Currency Name="Key4" Value="1"/>
    <Currency Name="Key2" Value="1" Probability="0.05"/>
    <OrContainer>
      <OrContainer Weight="3">
        <Currency Name="Key3" Value="1" Weight="2"/>
        <Currency Name="Key2" Value="1" Weight="8"/>
      </OrContainer>
      <OrContainer Weight="7">
        <Consumable Name="Sphere2_Name" Value="1" Weight="2" />
        <Consumable Name="Sphere1_Name" Value="2" Weight="8" />
      </OrContainer>
    </OrContainer>
    <Consumable Name="Sphere2_Name" Value="2" Probability="1" />
    <Consumable Name="Sphere2_Name" Value="1" Probability="0.15" />
    <Consumable Name="Sphere1_Name" Value="3" Probability="1" />
  </AndContainer>

  <AndContainer CName="RaidChestKeyVortexRestPlaces">
    <Currency Name="Key4" Value="1"/>
    <Currency Name="Key3" Value="1" Probability="0.15"/>
    <Consumable Name="Sphere2_Name" Value="1" Probability="0.40" />
    <Consumable Name="Sphere2_Name" Value="1" Probability="0.05" />
  </AndContainer>

  <!-- 4-FATUM -->
  <AndContainer CName="RaidChestKeyFatumFirstPlace" ChestPrizeImage="chest_raid" Blick="effect_chest_raid_blicks">	
    <Currency Name="Key5" Value="1"/>
    <Currency Name="Key3" Value="1" Probability="0.4"/>
    <OrContainer>
      <OrContainer Weight="3">
        <Currency Name="Key3" Value="1" Weight="5"/>
        <Currency Name="Key2" Value="1" Weight="5"/>
      </OrContainer>
      <OrContainer Weight="7">
        <Consumable Name="Sphere2_Name" Value="1" Weight="3" />
        <Consumable Name="Sphere1_Name" Value="3" Weight="7" />
      </OrContainer>
    </OrContainer>
    <Consumable Name="Sphere2_Name" Value="2" Probability="1" />
    <Consumable Name="Sphere2_Name" Value="2" Probability="0.15" />
    <Consumable Name="Sphere1_Name" Value="3" Probability="1" />
  </AndContainer>
  
  <AndContainer CName="RaidChestKeyFatumSecondPlace">
    <Currency Name="Key5" Value="1"/>
    <Currency Name="Key3" Value="1" Probability="0.4"/>
    <Consumable Name="Sphere2_Name" Value="2" Probability="0.5" />
    <Consumable Name="Sphere2_Name" Value="1" Probability="0.5" />
    <Consumable Name="Sphere1_Name" Value="2" Probability="0.5" />
  </AndContainer>
  
  <AndContainer CName="RaidChestKeyFatumThirdPlace">
    <Currency Name="Key5" Value="1"/>
    <Currency Name="Key3" Value="1" Probability="0.3"/>
    <Consumable Name="Sphere2_Name" Value="2" Probability="0.5" />
    <Consumable Name="Sphere2_Name" Value="1" Probability="0.25" />
    <Consumable Name="Sphere1_Name" Value="2" Probability="0.5" />
  </AndContainer>

  <AndContainer CName="RaidChestKeyFatumRestPlaces">
    <Currency Name="Key5" Value="1"/>
    <Currency Name="Key3" Value="1" Probability="0.12"/>
    <Consumable Name="Sphere2_Name" Value="1" Probability="0.5" />
    <Consumable Name="Sphere2_Name" Value="1" Probability="0.05" />
    <Consumable Name="Sphere1_Name" Value="2" Probability="0.5" />
  </AndContainer>

  <!-- 5-ARKHOS -->
  <AndContainer CName="RaidChestKeyArkhosFirstPlace" ChestPrizeImage="chest_raid" Blick="effect_chest_raid_blicks">
    <Currency Name="Key6" Value="1"/>
    <Consumable Name="Sphere1_Name" Value="4" Probability="1" />
    <Consumable Name="Sphere2_Name" Value="3" Probability="1" />
    <Consumable Name="Sphere2_Name" Value="3" Probability="0.3" />
    <Consumable Name="Sphere2_Name" Value="3" Probability="0.2" />
    <Consumable Name="Sphere3_Name" Value="1" Probability="0.6" />
    <OrContainer>
      <Consumable Name="Sphere3_Name" Value="1" Weight="1" />
      <Consumable Name="Sphere2_Name" Value="1" Weight="9" />
    </OrContainer>
    <OrContainer>
      <Consumable Name="Sphere2_Name" Value="1" Weight="15" />
      <Consumable Name="Sphere1_Name" Value="4" Weight="85" />
    </OrContainer>
    <Currency Name="Key3" Value="1" Probability="0.9"/>
    <Currency Name="Key4" Value="1" Probability="0.1"/>
  </AndContainer>

  <AndContainer CName="RaidChestKeyArkhosSecondPlace">
    <Currency Name="Key6" Value="1"/>
    <Consumable Name="Sphere1_Name" Value="4" Probability="1" />
    <Consumable Name="Sphere2_Name" Value="1" Probability="0.5" />
    <OrContainer>
      <Consumable Name="Sphere2_Name" Value="1" Weight="4" />
      <Consumable Name="Sphere1_Name" Value="2" Weight="6" />
    </OrContainer>
    <Currency Name="Key3" Value="1" Probability="0.4"/>
  </AndContainer>  
  
  <AndContainer CName="RaidChestKeyArkhosThirdPlace">
    <Currency Name="Key6" Value="1"/>
    <Consumable Name="Sphere1_Name" Value="3" Probability="1" />
    <Consumable Name="Sphere2_Name" Value="1" Probability="0.4" />
    <OrContainer>
      <Consumable Name="Sphere2_Name" Value="1" Weight="3" />
      <Consumable Name="Sphere1_Name" Value="2" Weight="7" />
    </OrContainer>
    <Currency Name="Key3" Value="1" Probability="0.3"/>
  </AndContainer>

  <AndContainer CName="RaidChestKeyArkhosRestPlaces">
    <Currency Name="Key6" Value="1"/>
    <Consumable Name="Sphere1_Name" Value="1" Probability="1" />
    <Consumable Name="Sphere2_Name" Value="1" Probability="0.4" />
    <OrContainer>
      <Consumable Name="Sphere2_Name" Value="1" Weight="1" />
      <Consumable Name="Sphere1_Name" Value="2" Weight="9" />
    </OrContainer>
    <Currency Name="Key3" Value="1" Probability="0.25"/>
  </AndContainer>


  <!-- 6-HOAXEN -->
  <AndContainer CName="RaidChestKeyHoaxenFirstPlace" ChestPrizeImage="chest_raid" Blick="effect_chest_raid_blicks">
    <Consumable Name="Sphere1_Name" Value="3" Probability="1" />
    <Consumable Name="Sphere2_Name" Value="1" Probability="1" />
    <Consumable Name="Sphere2_Name" Value="1" Probability="0.35" />
    <Consumable Name="Sphere2_Name" Value="1" Probability="0.2" />
    <Consumable Name="Sphere3_Name" Value="1" Probability="1" />
    <OrContainer>
      <Consumable Name="Sphere3_Name" Value="5" Weight="2" />
      <Consumable Name="Sphere3_Name" Value="1" Weight="8" />
      <Consumable Name="Sphere2_Name" Value="1" Weight="90" />
    </OrContainer>
    <OrContainer>
      <Consumable Name="Sphere2_Name" Value="10" Weight="5" />
      <Consumable Name="Sphere2_Name" Value="1" Weight="15" />
      <Consumable Name="Sphere1_Name" Value="5" Weight="80" />
    </OrContainer>
    <Currency Name="Key4" Value="1" Probability="0.7"/>
    <Currency Name="Key4" Value="1" Probability="0.2"/>
    <Currency Name="Key7" Value="1" Probability="1"/>
  </AndContainer>

  <AndContainer CName="RaidChestKeyHoaxenSecondPlace">
    <Consumable Name="Sphere1_Name" Value="6" Probability="1" />
    <Consumable Name="Sphere2_Name" Value="1" Probability="0.6" />
    <OrContainer>
      <Consumable Name="Sphere2_Name" Value="3" Weight="2" />
      <Consumable Name="Sphere1_Name" Value="4" Weight="8" />
    </OrContainer>
    <Currency Name="Key3" Value="1" Probability="0.25"/>
    <Currency Name="Key7" Value="1" Probability="1"/>		
  </AndContainer>
  
  <AndContainer CName="RaidChestKeyHoaxenThirdPlace">
    <Consumable Name="Sphere1_Name" Value="3" Probability="1" />
    <Consumable Name="Sphere2_Name" Value="1" Probability="0.5" />
    <OrContainer>
      <Consumable Name="Sphere2_Name" Value="2" Weight="2" />
      <Consumable Name="Sphere1_Name" Value="3" Weight="8" />
    </OrContainer>
    <Currency Name="Key3" Value="1" Probability="0.25"/>
    <Currency Name="Key7" Value="1" Probability="1"/>		
  </AndContainer>
  
  <AndContainer CName="RaidChestKeyHoaxenRestPlaces">
    <Consumable Name="Sphere1_Name" Value="1" Probability="1" />
    <Consumable Name="Sphere2_Name" Value="1" Probability="0.4" />
    <OrContainer>
      <Consumable Name="Sphere2_Name" Value="2" Weight="1" />
      <Consumable Name="Sphere1_Name" Value="2" Weight="9" />
    </OrContainer>
    <Currency Name="Key3" Value="1" Probability="0.25"/>
    <Currency Name="Key7" Value="1" Probability="1"/>		
  </AndContainer>

  <!-- 7-HUNGER -->
  <AndContainer CName="RaidChestKeyHungerFirstPlace" ChestPrizeImage="chest_raid" Blick="effect_chest_raid_blicks">
    <Consumable Name="Sphere2_Name" Value="3" Probability="1" />
    <Consumable Name="Sphere2_Name" Value="2" Probability="0.35" />
    <Consumable Name="Sphere2_Name" Value="2" Probability="0.2" />
    <Consumable Name="Sphere3_Name" Value="1" Probability="1" />
    <OrContainer>
      <Consumable Name="Sphere3_Name" Value="3" Weight="1" />
      <Consumable Name="Sphere3_Name" Value="1" Weight="9" />
      <Consumable Name="Sphere2_Name" Value="1" Weight="90" />
    </OrContainer>		
    <OrContainer>
				<Consumable Name="PotionMagic" Value="1" Weight="1"/>
				<Consumable Name="PotionRock" Value="1" Weight="1"/>
				<Consumable Name="PotionSpikes" Value="1" Weight="1"/>
    </OrContainer>
    <Currency Name="Key5" Value="1" Probability="1"/>
    <Currency Name="Key5" Value="1" Probability="0.3"/>
    <Currency Name="Key6" Value="1" Probability="1"/>
    <Currency Name="Key8" Value="1" Probability="1"/>		
  </AndContainer>

  <AndContainer CName="RaidChestKeyHungerSecondPlace">
    <Consumable Name="Sphere2_Name" Value="2" Probability="1" />
		<Consumable Name="Sphere1_Name" Value="3" Probability="1" />
    <OrContainer>
      <Consumable Name="Sphere2_Name" Value="2" Weight="4" />
				<Consumable Name="PotionMagic" Value="1" Weight="1"/>
				<Consumable Name="PotionRock" Value="1" Weight="1"/>
				<Consumable Name="PotionSpikes" Value="1" Weight="1"/>
    </OrContainer>
    <Currency Name="Key5" Value="1" Probability="1"/>
    <Currency Name="Key6" Value="1" Probability="1"/>		
    <Currency Name="Key8" Value="1" Probability="1"/>			
  </AndContainer>
  
  <AndContainer CName="RaidChestKeyHungerThirdPlace">
    <Consumable Name="Sphere2_Name" Value="1" Probability="0.5" />
		<Consumable Name="PotionMagic" Value="1" Probability="0.9" />
    <OrContainer>
      <Consumable Name="Sphere2_Name" Value="3" Weight="3" />
      <Consumable Name="Sphere1_Name" Value="4" Weight="3" />
    </OrContainer>
    <Currency Name="Key5" Value="1" Probability="1"/>
    <Currency Name="Key6" Value="1" Probability="0.5"/>		
    <Currency Name="Key8" Value="1" Probability="1"/>			
  </AndContainer>
  
  <AndContainer CName="RaidChestKeyHungerRestPlaces">
    <Consumable Name="Sphere1_Name" Value="1" Probability="1" />
    <Consumable Name="Sphere2_Name" Value="1" Probability="0.6" />
    <OrContainer>
      <Consumable Name="Sphere2_Name" Value="2" Weight="3" />
      <Consumable Name="Sphere1_Name" Value="2" Weight="7" />
    </OrContainer>
    <Currency Name="Key5" Value="1" Probability="1"/>	
    <Currency Name="Key8" Value="1" Probability="1"/>			
  </AndContainer>


  <!-- //////////////////////////////////// -->
  <!-- ////////////// DAILY ///////////// -->
  <!-- //////////////////////////////////// -->

  <!-- НЕ БОЛЬШЕ 2х наград + Рейтинг-->

  <!-- Minor -->
  <AndContainer CName="MinorQuestReward">
    <Rating Value="1250"/>
    <Consumable Name="Sphere1_Name" Value="2"/>
    <Consumable Name="Sphere1_Name" Value="1" Probability="0.2"/>
  </AndContainer>

 <AndContainer CName="MinorQuestReward2">
    <Rating Value="1350"/>
    <Consumable Name="Sphere1_Name" Value="2"/>
    <Consumable Name="Sphere1_Name" Value="1" Probability="0.5"/>
  </AndContainer>

 <AndContainer CName="MinorQuestReward3">
    <Rating Value="1450"/>
    <Consumable Name="Sphere1_Name" Value="2"/>
    <Consumable Name="Sphere1_Name" Value="1" Probability="0.7"/>
 </AndContainer>


  <!-- Medium -->
  <AndContainer CName="MediumQuestReward">
    <Rating Value="2500"/>
    <Consumable Name="Sphere1_Name" Value="3"/>
    <Consumable Name="Sphere1_Name" Value="1" Probability="0.2"/>
  </AndContainer>

  <AndContainer CName="MediumQuestReward2">
    <Rating Value="3000"/>
    <Consumable Name="Sphere1_Name" Value="3"/>
    <OrContainer>
      <Currency Name="Key0" Value="1" Weight="5" />
      <Consumable Name="Sphere1_Name" Value="1" Weight="5" />
    </OrContainer>
  </AndContainer>

  <AndContainer CName="MediumQuestReward3">
    <Rating Value="3500"/>
    <Consumable Name="Sphere1_Name" Value="3"/>
    <OrContainer>
      <Currency Name="Key1" Value="1" Weight="4" />
      <Consumable Name="Sphere1_Name" Value="1" Weight="6" />
    </OrContainer>
  </AndContainer>


  <!-- Major -->
  <AndContainer CName="MajorQuestReward">
    <Rating Value="4500"/>
    <Currency Name="Key1" Value="1"/>
    <OrContainer>
      <Currency Name="Key0" Value="1" Weight="6" />
      <Consumable Name="Sphere2_Name" Value="2" Weight="4" />
    </OrContainer>
  </AndContainer>

  <AndContainer CName="MajorQuestReward2">
    <Rating Value="5000"/>
    <Consumable Name="Sphere2_Name" Value="1"/>
    <OrContainer>
      <Currency Name="Key1" Value="1" Weight="6" />
      <Consumable Name="Sphere2_Name" Value="1" Weight="4" />
    </OrContainer>
  </AndContainer>

  <AndContainer CName="MajorQuestReward3">
    <Rating Value="6000"/>
    <Gems Value="6"/>
    <OrContainer>
      <Currency Name="Key1" Value="2" Weight="4" />
      <Consumable Name="Sphere2_Name" Value="2" Weight="6" />
    </OrContainer>
  </AndContainer>

  <!-- Donate -->
  <AndContainer CName="HardQuestReward">
    <Rating Value="7500" />
    <Currency Name="Key1" Value="1"/>
    <Consumable Name="Sphere2_Name" Value="2" />
    <Consumable Name="Sphere2_Name" Value="1" Probability="0.4"/>
    <Consumable Name="Sphere2_Name" Value="1" Probability="0.1"/>
  </AndContainer>

  <AndContainer CName="HardQuestReward2">
    <Rating Value="15000" />
    <Consumable Name="Sphere2_Name" Value="3"/>
    <Consumable Name="Sphere2_Name" Value="1" Probability="0.4"/>
    <Consumable Name="Sphere2_Name" Value="1" Probability="0.1"/>
    <Currency Name="Key2" Value="1"/>
  </AndContainer>

  <AndContainer CName="HardQuestReward3">
    <Rating Value="25000" />
    <Consumable Name="Sphere2_Name" Value="5" />
    <Consumable Name="Sphere2_Name" Value="1" Probability="0.4"/>
    <Consumable Name="Sphere2_Name" Value="1" Probability="0.1"/>
    <Currency Name="Key3" Value="1"/>
  </AndContainer>

  <!-- Containers for packs -->
  <!-- Consumable packs -->
  <AndContainer CName="Pack_Sphere1_Name">
    <Consumable Name="Sphere1_Name" Value="1" />
  </AndContainer>

<!--   <AndContainer CName="Pack_Sphere1_Name_Sales">
    <Consumable Name="Sphere1_Name" Value="2" />
  </AndContainer> -->

  <AndContainer CName="Pack_Sphere2_Name">
    <Consumable Name="Sphere2_Name" Value="1" />
  </AndContainer>

  <!-- рабочий пак средних сфер -->
  <AndContainer CName="Pile_Sphere2_Name"> 
    <Consumable Name="Sphere2_Name" Value="10" />
  </AndContainer>

  <AndContainer CName="Pack_Sphere3_Name">
    <Consumable Name="Sphere3_Name" Value="1" />
  </AndContainer>
<!-- 
  <AndContainer CName="Pack_Sphere3_Name_Sales">
    <Consumable Name="Sphere3_Name" Value="1" />
  </AndContainer> -->

  <AndContainer CName="Pile_Sphere3_Name"> 
    <Consumable Name="Sphere3_Name" Value="10" />
  </AndContainer>		

  <!-- Currency packs -->
  <AndContainer CName="Pack_Pile_Key0">
    <Currency Name="Key0" Value="5" />
  </AndContainer>

  <AndContainer CName="Pack_Key0_Raid_Enter">
    <Currency Name="Key0" Value="1" />
  </AndContainer>

  <AndContainer CName="Pack_Key1_Raid_Enter">
    <Currency Name="Key1" Value="1" />
  </AndContainer>

  <AndContainer CName="Pack_Key2_Raid_Enter">
    <Currency Name="Key2" Value="1" />
  </AndContainer>

  <AndContainer CName="Pack_Key3_Raid_Enter">
    <Currency Name="Key3" Value="1" />
  </AndContainer>

  <AndContainer CName="Pack_Key4_Raid_Enter">
    <Currency Name="Key4" Value="1" />
  </AndContainer>

  <AndContainer CName="Pack_Key5_Raid_Enter">
    <Currency Name="Key5" Value="1" />
  </AndContainer>

  <AndContainer CName="Pack_Key6_Raid_Enter">
    <Currency Name="Key6" Value="1" />
  </AndContainer>  
	
	<AndContainer CName="Pack_Key7_Raid_Enter">
    <Currency Name="Key7" Value="1" />
  </AndContainer>

  <!--RaidStarterPack-->
  <AndContainer CName="RaidStarterPack">
    <Consumable Name="Sphere1_Name" Value="8" />
    <Consumable Name="Sphere2_Name" Value="4" />
    <Consumable Name="Sphere3_Name" Value="4" />
    <Currency Name="Key1" Value="2"/>
    <Currency Name="Key2" Value="2"/>
    <Currency Name="Key3" Value="1"/>
  </AndContainer>

  <!--BoosterPack-->
  <AndContainer CName="BoosterPackLoss">
    <Consumable Name="Sphere1_Name" Value="3" />
    <Consumable Name="Sphere2_Name" Value="2" />
    <Consumable Name="Sphere3_Name" Value="1" />
  	<OrContainer>
  		<Currency Name="Key1" Value="1" Weight="1"/>
  		<Currency Name="Key2" Value="1" Weight="1"/>
  		<Currency Name="Key3" Value="1" Weight="1"/>
  	</OrContainer>
  </AndContainer>

  <AndContainer CName="BoosterPackShop">
    <Consumable Name="Sphere1_Name" Value="4" />
    <Consumable Name="Sphere2_Name" Value="2" />
    <Consumable Name="Sphere3_Name" Value="1" />
  	<OrContainer>
      <Consumable Name="Sphere1_Name" Value="1" Weight="9700"/>
      <Gems Value="500" Weight="220"/>
      <Gems Value="1000" Weight="100"/>
      <Gems Value="10000" Weight="1"/>
  	</OrContainer>
  </AndContainer>
  
  <!--ClanTutor-->	
	<AndContainer CName="ClanTutorKey" Gift="true">
    <Currency Name="Key0" Value="1" />
  </AndContainer>
	
  <!-- Potion packs -->
  <AndContainer CName="Pack_PotionMagic">
    <Consumable Name="PotionMagic" Value="1" />
  </AndContainer>

  <AndContainer CName="Pack_PotionSpikes">
    <Consumable Name="PotionSpikes" Value="1" />
  </AndContainer>

  <AndContainer CName="Pack_PotionRock">
    <Consumable Name="PotionRock" Value="1" />
  </AndContainer>	  
	
	<AndContainer CName="Pack_PotionLife">
    <Consumable Name="PotionLife" Value="1" />
  </AndContainer>	

  <AndContainer CName="Pack_PotionLegend">
    <Consumable Name="PotionLegend" Value="1" />
  </AndContainer>		
	
	<AndContainer CName="EnchantChest_Zone1">
    <Currency Name="ForgeMaterial1" Value="500" />
    <Currency Name="ForgeMaterial2" Value="200" />
    <Currency Name="ForgeMaterial3" Value="20" />
  </AndContainer>		
	
	<AndContainer CName="EnchantChest_Zone2">
    <Currency Name="ForgeMaterial1" Value="800" />
    <Currency Name="ForgeMaterial2" Value="300" />
    <Currency Name="ForgeMaterial3" Value="30" />
  </AndContainer>	
	
	<AndContainer CName="EnchantChest_Zone3">
    <Currency Name="ForgeMaterial1" Value="2200" />
    <Currency Name="ForgeMaterial2" Value="900" />
    <Currency Name="ForgeMaterial3" Value="190" />
  </AndContainer>	
	
	<AndContainer CName="EnchantChest_Zone4">
    <Currency Name="ForgeMaterial1" Value="6500" />
    <Currency Name="ForgeMaterial2" Value="2700" />
    <Currency Name="ForgeMaterial3" Value="530" />
  </AndContainer>			
	
	<AndContainer CName="EnchantChest_Zone5">
    <Currency Name="ForgeMaterial1" Value="20000" />
    <Currency Name="ForgeMaterial2" Value="8000" />
    <Currency Name="ForgeMaterial3" Value="1300" />
  </AndContainer>			

	<AndContainer CName="EnchantChest_Zone6">
    <Currency Name="ForgeMaterial1" Value="57000" />
    <Currency Name="ForgeMaterial2" Value="24000" />
    <Currency Name="ForgeMaterial3" Value="3800" />
  </AndContainer>		

	<AndContainer CName="EnchantChest_ZoneIM">
    <Currency Name="ForgeMaterial1" Value="110000" />
    <Currency Name="ForgeMaterial2" Value="55000" />
    <Currency Name="ForgeMaterial3" Value="7100" />
  </AndContainer>		

	<AndContainer CName="EnchantChest_Zone7_1">
    <Currency Name="ForgeMaterial1" Value="450000" />
    <Currency Name="ForgeMaterial2" Value="100000" />
    <Currency Name="ForgeMaterial3" Value="30000" />
  </AndContainer>		

	<AndContainer CName="EnchantChest_Zone7_2">
    <Currency Name="ForgeMaterial1" Value="933000" />
    <Currency Name="ForgeMaterial2" Value="225000" />
    <Currency Name="ForgeMaterial3" Value="50000" />
  </AndContainer>		
	
	<AndContainer CName="EnchantChest_Zone7_3">
    <Currency Name="ForgeMaterial1" Value="1140000" />
    <Currency Name="ForgeMaterial2" Value="300000" />
    <Currency Name="ForgeMaterial3" Value="100000" />
  </AndContainer>			
	
  <AndContainer CName="MonkChestSmall">
		<OrContainer>
			<AndContainer Weight="1"> <!--390 gems + item = 550 gems or more-->
				<Consumable Name="Sphere1_Name" Value="6"/>
				<Consumable Name="Sphere2_Name" Value="6"/>
				<Consumable Name="Sphere3_Name" Value="6"/>
				<WRContainer Type="RAND">
					<Consumable Name="HELM_C2_Z2_MONK" Value="1"/>
					<Consumable Name="ARMOR_C2_Z2_MONK" Value="1"/>
					<Consumable Name="RANGED_C2_Z2_MONK_SHURIKEN" Value="1"/>
					<Consumable Name="WEAPON_C2_Z2_MONK_KATAR" Value="1"/>
					<Consumable Name="MAGIC_C2_Z2_MONK_ROOT_STUN" Value="1"/>
				</WRContainer>
			</AndContainer>
			<AndContainer Weight="1"> <!--450 gems-->
				<Consumable Name="Sphere1_Name" Value="3"/>
				<Consumable Name="Sphere2_Name" Value="5"/>
				<Consumable Name="Sphere3_Name" Value="5"/>
				<Consumable Name="PotionMagic" Value="2" />
				<Consumable Name="PotionRock" Value="2" />
				<Consumable Name="PotionSpikes" Value="2" />
			</AndContainer>			
			<AndContainer Weight="1"> <!--310 gems-->
				<Consumable Name="Sphere2_Name" Value="5"/>
				<Consumable Name="PotionMagic" Value="2" />
				<Consumable Name="PotionRock" Value="2" />
				<Consumable Name="PotionSpikes" Value="2" />
				<Currency Name="Key3" Value="1" />
			</AndContainer>
		</OrContainer>
	</AndContainer>		
	
	<AndContainer CName="Pack_Ascention_Tickets" >
		<Currency Name="AscensionTicket" Value="10"/>
  </AndContainer>
	

</Containers>
