<RaidItems>
  <Items>
    <!-- Consumables --> 
    <Consumable Name="Sphere1_Name" Type="MISSILE" RaidChargeDamage="80" DamageDispersionPct="10" Icon="sphere1" Model="magic_fireball" Cooldown="230">
        <Perks>
        <Perk Name="PERK_SPHERE_COOLDOWN">
          <Set Frames="230" AnimationName="RaidChargeSphere1Player"/>
        </Perk>
      </Perks>
    </Consumable>
    <Consumable Name="Sphere2_Name" Type="MISSILE" RaidChargeDamage="520" DamageDispersionPct="6" Icon="sphere2" Model="magic_energy_ball" Cooldown="420">
      <Perks>
        <Perk Name="PERK_SPHERE_COOLDOWN">
          <Set Frames="420" AnimationName="RaidChargeSphere2Player"/>
        </Perk>
      </Perks>
    </Consumable>
    <Consumable Name="Sphere3_Name" Type="MISSILE" RaidChargeDamage="1021" DamageDispersionPct="3" Icon="sphere3" Model="acid_cloud" Cooldown="660">
      <Perks>
        <Perk Name="PERK_SPHERE_COOLDOWN">
          <Set Frames="660" AnimationName="RaidChargeSphere3Player"/>
        </Perk>
      </Perks>
    </Consumable>
    <Consumable Name="HELM_C2_Z2_MONK" Type="EQUIPMENT">
      <Perks>
        <Perk Name="PERK_MONK_SET_WHIRL"/>
      </Perks>
    </Consumable>
    <Consumable Name="ARMOR_C2_Z2_MONK" Type="EQUIPMENT">
      <Perks>
        <Perk Name="PERK_MONK_SET_WHIRL"/>
      </Perks>
    </Consumable>
    <Consumable Name="RANGED_C2_Z2_MONK_SHURIKEN" Type="EQUIPMENT">
      <Perks>
        <Perk Name="PERK_MONK_SET_WHIRL"/>
      </Perks>
    </Consumable>
    <Consumable Name="WEAPON_C2_Z2_MONK_KATAR" Type="EQUIPMENT">
      <Perks>
        <Perk Name="PERK_MONK_SET_WHIRL"/>
      </Perks>
    </Consumable>
    <Consumable Name="MAGIC_C2_Z2_MONK_ROOT_STUN" Type="EQUIPMENT">
      <Perks>
        <Perk Name="PERK_MONK_SET_WHIRL"/>
      </Perks>
    </Consumable>
		
    <!-- HALOWEEN 2016 EQUIPMENT -->
    <Consumable Name="ARMOR_HW16_SET" Type="EQUIPMENT">
		<Perks>
			<Perk Name="PERK_ITEM_SPECIAL_OVERHEAT_DEFENSE_ARMOR">
				<Set Aspect="1000"/>
			</Perk>
		</Perks>				
    </Consumable>
    <Consumable Name="HELM_1_HW16_SET" Type="EQUIPMENT">
		<Perks>
			<Perk Name="PERK_ITEM_SPECIAL_MAGIC_PAIN_RECHARGE_HELM">
				<Set Aspect="1000"/>
			</Perk>
		</Perks>
    </Consumable>
    <Consumable Name="HELM_2_HW16_SET" Type="EQUIPMENT">
		<Perks>
			<Perk Name="PERK_ITEM_SPECIAL_MAGIC_PAIN_RECHARGE_HELM">
				<Set Aspect="1000"/>
			</Perk>
		</Perks>
    </Consumable>		
    <Consumable Name="WEAPON_1_HW16_SET" Type="EQUIPMENT">
		<Perks>
			<Perk Name="PERK_ITEM_SPECIAL_BLEEDING_WEAPON">
				<Set Aspect="1000"/>
			</Perk>
		</Perks>
    </Consumable>
    <Consumable Name="WEAPON_2_HW16_SET" Type="EQUIPMENT">
		<Perks>
			<Perk Name="PERK_ITEM_SPECIAL_BLEEDING_WEAPON">
				<Set Aspect="1000"/>
			</Perk>
		</Perks>
    </Consumable>		
    <Consumable Name="RANGED_HW16_SET" Type="EQUIPMENT">
		<Perks>
			<Perk Name="PERK_ITEM_SPECIAL_STUN_RANGED">
				<Set Aspect="1000"/>
			</Perk>
		</Perks>
    </Consumable>	
		
		
    <Consumable Name="ARMOR_XMAS16_SET" Type="EQUIPMENT">
        <Perks>
          <Perk Name="PERK_ITEM_SPECIAL_OVERHEAT_DEFENSE_ARMOR">
            <Set Aspect="582"/>
          </Perk>
        </Perks>
    </Consumable>
    <Consumable Name="HELM_XMAS16_SET" Type="EQUIPMENT">
        <Perks>
          <Perk Name="PERK_ITEM_SPECIAL_MAGIC_PAIN_RECHARGE_HELM">
            <Set Aspect="582"/>
          </Perk>
        </Perks>
    </Consumable>
    <Consumable Name="WEAPON_XMAS16_SET" Type="EQUIPMENT">
        <Perks>
          <Perk Name="PERK_ITEM_SPECIAL_BLEEDING_WEAPON">
            <Set Aspect="582"/>
          </Perk>
        </Perks>
    </Consumable>
    <Consumable Name="RANGED_XMAS16_SET" Type="EQUIPMENT">
        <Perks>
          <Perk Name="PERK_ITEM_SPECIAL_BLEEDING_WEAPON">
            <Set Aspect="582"/>	
          </Perk>
        </Perks>
    </Consumable>
		
    <!-- XMAS 2016 EQUIPMENT -->
    <Consumable Name="ARMOR_XMAS16_SANTA" Type="EQUIPMENT">
		<Perks>
			<Perk Name="PERK_ITEM_SPECIAL_REGENERATION_ARMOR">
				<Set Aspect="1000"/>
			</Perk>
		</Perks>				
    </Consumable>
    <Consumable Name="HELM_XMAS16_HORNS" Type="EQUIPMENT">
		<Perks>
			<Perk Name="PERK_ITEM_SPECIAL_DAMAGE_RETURN_HELM">
				<Set Aspect="1000"/>
			</Perk>
		</Perks>
    </Consumable>
    <Consumable Name="HELM_XMAS16_SANTA" Type="EQUIPMENT">
		<Perks>
			<Perk Name="PERK_ITEM_SPECIAL_REGENERATION_HELM">
				<Set Aspect="1000"/>
			</Perk>
		</Perks>
    </Consumable>		
    <Consumable Name="WEAPON_XMAS16_CANDY" Type="EQUIPMENT">
		<Perks>
			<Perk Name="PERK_ITEM_SPECIAL_STUN_WEAPON">
				<Set Aspect="1000"/>
			</Perk>
		</Perks>
    </Consumable>
    <Consumable Name="WEAPON_XMAS16_GLAIVE" Type="EQUIPMENT">
		<Perks>
			<Perk Name="PERK_ITEM_SPECIAL_ENFEEBLE_WEAPON">
				<Set Aspect="1000"/>
			</Perk>
		</Perks>
    </Consumable>		
    <Consumable Name="RANGED_XMAS16_COOKIE" Type="EQUIPMENT">
		<Perks>
			<Perk Name="PERK_ITEM_SPECIAL_TIME_BOMB_RANGED">
				<Set Aspect="1000"/>
			</Perk>
		</Perks>
    </Consumable>
    <Consumable Name="MAGIC_XMAS16_ICEBALL" Type="EQUIPMENT">
		<Perks>
			<Perk Name="PERK_ITEM_SPECIAL_BLOODRAGE_MAGIC">
				<Set Aspect="1000"/>
			</Perk>
		</Perks>
    </Consumable>
		
    <!-- St.Valentine equip-->		
    <Consumable Name="ARMOR_VAL17_MANTLE" Type="EQUIPMENT">
		<Perks>
			<Perk Name="PERK_ITEM_SPECIAL_DAMAGE_ABSORPTION_BODY_ARMOR">
				<Set Aspect="1000"/>
			</Perk>
		</Perks>				
    </Consumable>
    <Consumable Name="HELM_VAL17_WINGS" Type="EQUIPMENT">
		<Perks>
			<Perk Name="PERK_ITEM_SPECIAL_REGENERATION_HELM">
				<Set Aspect="1000"/>
			</Perk>
		</Perks>
    </Consumable>	
    <Consumable Name="WEAPON_VAL17_SAI" Type="EQUIPMENT">
		<Perks>
			<Perk Name="PERK_ITEM_SPECIAL_MAGIC_DAMAGE_RECHARGE_WEAPON">
				<Set Aspect="1000"/>
			</Perk>
		</Perks>
    </Consumable>
    <Consumable Name="WEAPON_VAL17_TRIDENT" Type="EQUIPMENT">
		<Perks>
			<Perk Name="PERK_ITEM_SPECIAL_ENFEEBLE_WEAPON">
				<Set Aspect="1000"/>
			</Perk>
		</Perks>
    </Consumable>
    <Consumable Name="WEAPON_VAL17_FANS" Type="EQUIPMENT">
		<Perks>
			<Perk Name="PERK_ITEM_SPECIAL_INTOXICATION_WEAPON">
				<Set Aspect="1000"/>
			</Perk>
		</Perks>
    </Consumable>		
    <Consumable Name="RANGED_VAL17_AXE" Type="EQUIPMENT">
		<Perks>
			<Perk Name="PERK_ITEM_SPECIAL_PRECISION_RANGED">
				<Set Aspect="1000"/>
			</Perk>
		</Perks>
    </Consumable>
		
<!-- HALOWEEN 2017 EQUIPMENT -->		
    <Consumable Name="ARMOR_HW17_CLOAK" Type="EQUIPMENT">
      <Perks>  
				<Perk Name="PERK_ITEM_SPECIAL_DAMAGE_RETURN_ARMOR">
					<Set Aspect="Auto"/>
				</Perk>
			</Perks>
    </Consumable>
    <Consumable Name="MAGIC_HW17_VOODOO" Type="EQUIPMENT">
        <Perks>
          <Perk Name="PERK_ITEM_SPECIAL_BLEEDING_MAGIC">
						<Set Aspect="Auto"/>
					</Perk>
        </Perks>
    </Consumable>
    <Consumable Name="HELM_HW17_CYLINDER" Type="EQUIPMENT">
			<Perks>
				<Perk Name="PERK_ITEM_SPECIAL_DAMAGE_RETURN_HELM">
					<Set Aspect="1000"/>
				</Perk>
			</Perks>
    </Consumable>
    <Consumable Name="WEAPON_HW17_DAGGERS" Type="EQUIPMENT">
        <Perks>
          <Perk Name="PERK_ITEM_SPECIAL_BLEEDING_WEAPON">
						<Set Aspect="Auto"/>
					</Perk>	
        </Perks>
    </Consumable>
    <Consumable Name="WEAPON_HW17_STAFF" Type="EQUIPMENT">
        <Perks>
          <Perk Name="PERK_ITEM_SPECIAL_MAGIC_DAMAGE_RECHARGE_WEAPON">
						<Set Aspect="Auto"/>
					</Perk>	
        </Perks>
   </Consumable>
    <Consumable Name="RANGED_HW17_NEEDLES" Type="EQUIPMENT">
        <Perks>
          <Perk Name="PERK_ITEM_SPECIAL_FRENZY_RANGED">
					<Set Aspect="Auto"/>
					</Perk>
        </Perks>
    </Consumable>

<!-- XMAS 2018 EQUIPMENT -->		
    <Consumable Name="ARMOR_NY18_MANTLE" Type="EQUIPMENT">
      <Perks>  
				<Perk Name="PERK_ITEM_SPECIAL_SHIELDING_ARMOR">
					<Set Aspect="Auto"/>
				</Perk>
			</Perks>
    </Consumable>
    <Consumable Name="HELM_NY18_HAT" Type="EQUIPMENT">
			<Perks>
				<Perk Name="PERK_ITEM_SPECIAL_CRITICAL_PROTECTION_HELM">
					<Set Aspect="Auto"/>
				</Perk>
			</Perks>
    </Consumable>
    <Consumable Name="WEAPON_NY18_AXES" Type="EQUIPMENT">
        <Perks>
          <Perk Name="PERK_ITEM_SPECIAL_STUN_WEAPON">
						<Set Aspect="Auto"/>
					</Perk>	
        </Perks>
    </Consumable>
    <Consumable Name="WEAPON_NY18_MACE" Type="EQUIPMENT">
        <Perks>
          <Perk Name="PERK_ITEM_SPECIAL_INTOXICATION_WEAPON">
						<Set Aspect="Auto"/>
					</Perk>	
        </Perks>
   </Consumable>
    <Consumable Name="RANGED_NY18_DONUT" Type="EQUIPMENT">
        <Perks>
          <Perk Name="PERK_ITEM_SPECIAL_INTOXICATION_RANGED">
					<Set Aspect="Auto"/>
					</Perk>
        </Perks>
    </Consumable>
    <Consumable Name="MAGIC_NY18_SNOWBALL" Type="EQUIPMENT">
        <Perks>
          <Perk Name="PERK_ITEM_SPECIAL_STUN_MAGIC">
					<Set Aspect="Auto"/>
					</Perk>
        </Perks>
    </Consumable>			
		
    <Consumable Name="PotionMagic" Type="POTION" Icon="potion_magic" Description="HW17potion_magic_desc" Hint="HW17potion_magic_hint">
			<Perks>
				<Perk Name="PERK_ELIXIR_MAGIC_PAIN_RECHARGE">
					<Set Aspect="1000"/>
				</Perk>	
			</Perks>
		</Consumable>
    <Consumable Name="PotionSpikes" Type="POTION" Icon="potion_spikes" Description="HW17potion_spikes_desc" Hint="HW17potion_spikes_hint">
			<Perks>
				<Perk Name="PERK_ELIXIR_DMG_RETURN">
					<Set Aspect="1000"/>
				</Perk>	
			</Perks>
		</Consumable>
    <Consumable Name="PotionRock" Type="POTION" Icon="potion_rock" Description="HW17potion_rock_desc" Hint="HW17potion_rock_hint">
			<Perks>
				<Perk Name="PERK_ELIXIR_ROCK">
					<Set Aspect="1000"/>
				</Perk>	
			</Perks>
		</Consumable>
		<Consumable Name="PotionLife" Type="POTION" Icon="potion_life" Description="Potion_life_desc" Hint="Potion_life_hint">
			<Perks>
				<Perk Name="PERK_ELIXIR_REGENERATION">
					<Set Aspect="1000"/>
				</Perk>	
			</Perks>
		</Consumable>		
    <Consumable Name="PotionLegend" Type="POTION" Icon="potion_phoenix" Description="Potion_legend_desc" Hint="Potion_legend_hint">
			<Perks>
				<Perk Name="PERK_ELIXIR_DMG_RETURN_2">
					<Set Aspect="1000"/>
				</Perk>				
				<Perk Name="PERK_ELIXIR_ROCK_2">
					<Set Aspect="1000"/>
				</Perk>
				<Perk Name="PERK_ELIXIR_MAGIC_PAIN_RECHARGE_2">
					<Set Aspect="1000"/>
				</Perk>					
			</Perks>
		</Consumable>			
		
    <!-- St.Valentine18 + Chinese NY equip-->		
    <Consumable Name="ARMOR_VAL18_HOODIE" Type="EQUIPMENT">
		<Perks>
			<Perk Name="PERK_ITEM_SPECIAL_REGENERATION_ARMOR">
				<Set Aspect="1000"/>
			</Perk>
		</Perks>				
    </Consumable>
    <Consumable Name="HELM_VAL18_PANDA" Type="EQUIPMENT">
		<Perks>
			<Perk Name="PERK_ITEM_SPECIAL_MAGIC_PAIN_RECHARGE_HELM">
				<Set Aspect="1000"/>
			</Perk>
		</Perks>
    </Consumable>	
    <Consumable Name="WEAPON_VAL18_PANDA" Type="EQUIPMENT">
		<Perks>
			<Perk Name="PERK_ITEM_SPECIAL_TIME_BOMB_WEAPON">
				<Set Aspect="1000"/>
			</Perk>
		</Perks>
    </Consumable>
    <Consumable Name="WEAPON_CHNY18_STAFF" Type="EQUIPMENT">
		<Perks>
			<Perk Name="PERK_ITEM_SPECIAL_OVERHEAT_WEAPON">
				<Set Aspect="1000"/>
			</Perk>
		</Perks>
    </Consumable>
    <Consumable Name="ARMOR_CHNY18_TRADITIONAL" Type="EQUIPMENT">
		<Perks>
			<Perk Name="PERK_ITEM_SPECIAL_DAMAGE_RETURN_ARMOR">
				<Set Aspect="1000"/>
			</Perk>
		</Perks>				
    </Consumable>
    <Consumable Name="HELM_CHNY18_TRADITIONAL" Type="EQUIPMENT">
		<Perks>
			<Perk Name="PERK_ITEM_SPECIAL_FRENZY_DEFENSE_HELM">
				<Set Aspect="1000"/>
			</Perk>
		</Perks>
    </Consumable>
	
		
    <!-- Currencies -->
    <Currency Name="Key0" Group="Raid" Icon="Key0" Hint="hintBase"/>
    <Currency Name="Key1" Group="Raid" Icon="Key1" Hint="hintMegalith"/>
    <Currency Name="Key2" Group="Raid" Icon="Key2" Hint="hintFungus"/>
    <Currency Name="Key3" Group="Raid" Icon="Key3" Hint="hintVortex"/>
    <Currency Name="Key4" Group="Raid" Icon="Key4" Hint="hintFatum"/>
    <Currency Name="Key5" Group="Raid" Icon="Key5" Hint="hintArkhos"/>
	  <Currency Name="Key6" Group="Raid" Icon="Key6" Hint="hintHoaxen"/>
	  <Currency Name="Key7" Group="Raid" Icon="Key7" Hint="hintHunger"/>
	  <Currency Name="Key8" Group="Raid" Icon="Key8" Hint="hintWar"/>
    <Currency Name="AscensionTicket" Group="Raid" Icon="ticket" ClientOnly="true" SendToLedger="true" /> 
    <Currency Name="ForgeMaterial1" Group="Raid" Icon="forge_green" ClientOnly="true" SendToLedger="true" /> 
    <Currency Name="ForgeMaterial2" Group="Raid" Icon="forge_red" ClientOnly="true" SendToLedger="true" /> 
    <Currency Name="ForgeMaterial3" Group="Raid" Icon="forge_purple" ClientOnly="true" SendToLedger="true" /> 	
  </Items>

  <Packs>
    <!-- Consumable packs -->
    <Pack Name="Sphere1_Name" Image="sphere1" LootContainerName="Pack_Sphere1_Name" GemsPrice="5" Purchasable="true" Description="Description_Sphere"/>
    <Pack Name="Sphere2_Name" Image="sphere2" LootContainerName="Pack_Sphere2_Name" GemsPrice="25" Purchasable="true" Description="Description_Sphere"/>
    <Pack Name="Sphere3_Name" Image="sphere3" LootContainerName="Pack_Sphere3_Name" GemsPrice="35" Purchasable="true" Description="Description_Sphere"/>

    <!-- <Pack Name="Sphere1_Name_Sales" Image="sphere1" LootContainerName="Pack_Sphere1_Name" GemsPrice="3" Purchasable="true" Description="Description_Sphere" DiscountHides="Sphere1_Name" StartTime="2018-02-14T08:00:00Z" EndTime="2018-02-14T18:00:00Z" DisplayLootEffect="1"/>		 -->
    <!-- <Pack Name="Sphere2_Name_Sales" Image="sphere2" LootContainerName="Pack_Sphere2_Name" GemsPrice="17" Purchasable="true" Description="Description_Sphere" DiscountHides="Sphere2_Name" StartTime="2018-02-14T08:00:00Z" EndTime="2018-02-14T18:00:00Z" DisplayLootEffect="1"/>		 -->
    <!-- <Pack Name="Sphere3_Name_Sales" Image="sphere3" LootContainerName="Pack_Sphere3_Name" GemsPrice="24" Purchasable="true" Description="Description_Sphere" DiscountHides="Sphere3_Name" StartTime="2018-02-14T08:00:00Z" EndTime="2018-02-14T18:00:00Z" DisplayLootEffect="1"/> -->
		
    <Pack Name="Sphere2Pack_Name" Image="sphere2Pack" LootContainerName="Pile_Sphere2_Name" GemsPrice="175" Purchasable="true" Description="Description_Sphere_Pack"/>
		<Pack Name="Sphere3Pack_Name" Image="sphere3Pack" LootContainerName="Pile_Sphere3_Name" GemsPrice="299" Purchasable="true" Description="Description_Sphere_Pack"/>

    <!-- SpherePack Sales -->
    <Pack Name="Sphere2Pack_Name_Sales" Image="sphere2Pack" LootContainerName="Pile_Sphere2_Name" GemsPrice="122" Purchasable="true" Description="Description_Sphere_Pack_Sales" DiscountHides="Sphere2Pack_Name" StartTime="2019-03-16T05:00:00Z" EndTime="2019-03-18T05:00:00Z" DisplayLootEffect="1"/> 
    <Pack Name="Sphere3Pack_Name_Sales" Image="sphere3Pack" LootContainerName="Pile_Sphere3_Name" GemsPrice="209" Purchasable="true" Description="Description_Sphere_Pack_Sales" DiscountHides="Sphere3Pack_Name" StartTime="2019-03-16T05:00:00Z" EndTime="2019-03-18T05:00:00Z" DisplayLootEffect="1"/>     
 
    <!-- Currency packs -->
    <Pack Name="Pile_Key0" Image="pile_base_keys" LootContainerName="Pack_Pile_Key0" GemsPrice="29" Purchasable="true" Description="Pile_Key0Dsc"/>
    <Pack Name="Key0_Raid_Enter" LootContainerName="Pack_Key0_Raid_Enter" GemsPrice="6" Purchasable="true" Description="Pile_Key0Dsc" ShopHide="1"/>
    <Pack Name="Key1_Raid_Enter" LootContainerName="Pack_Key1_Raid_Enter" GemsPrice="15" Purchasable="true" Description="Pile_Key0Dsc" ShopHide="1"/>
    <Pack Name="Key2_Raid_Enter" LootContainerName="Pack_Key2_Raid_Enter" GemsPrice="30" Purchasable="true" Description="Pile_Key0Dsc" ShopHide="1"/>
    <Pack Name="Key3_Raid_Enter" LootContainerName="Pack_Key3_Raid_Enter" GemsPrice="40" Purchasable="true" Description="Pile_Key0Dsc" ShopHide="1"/>
    <Pack Name="Key4_Raid_Enter" LootContainerName="Pack_Key4_Raid_Enter" GemsPrice="60" Purchasable="true" Description="Pile_Key0Dsc" ShopHide="1"/>
    <Pack Name="Key5_Raid_Enter" LootContainerName="Pack_Key5_Raid_Enter" GemsPrice="70" Purchasable="true" Description="Pile_Key0Dsc" ShopHide="1"/>
    <Pack Name="Key6_Raid_Enter" LootContainerName="Pack_Key6_Raid_Enter" GemsPrice="80" Purchasable="true" Description="Pile_Key0Dsc" ShopHide="1"/>
    <Pack Name="Key7_Raid_Enter" LootContainerName="Pack_Key7_Raid_Enter" GemsPrice="90" Purchasable="true" Description="Pile_Key0Dsc" ShopHide="1"/>	
		
    <!--RaidStarterPack-->
    <Pack Name="RaidStarterPack" Image="raid_starterpack" LootContainerName="RaidStarterPack" GemsPrice="199" Purchasable="true" Description="dlgRaidStarterPack" ShopHide="1" DisplayLootEffect="1"/>
    <!--BoosterPack-->
     <Pack Name="titleBoosterpackLoss" Image="boosterpack" LootContainerName="BoosterPackLoss" GemsPrice="49" Purchasable="true" Description="dlgBoosterPackLoss" ShopHide="1" DisplayLootEffect="1" ShowProbability="1"/>
				
    <Pack Name="titleBoosterpackBuy" Image="boosterpack" LootContainerName="BoosterPackShop" GemsPrice="101" Purchasable="true" Description="descBoosterpackBuy{textures/raids/spheres_reward/sphere1_icon.png}{4}{textures/raids/spheres_reward/sphere2_icon.png}{2}{textures/raids/spheres_reward/sphere3_icon.png}{1}{textures/misc/ruby.png}" DisplayLootEffect="1" ShowProbability="1"/>    	

    <!-- Potion packs -->
    <Pack Name="PotionMagic" Image="potion_magic" LootContainerName="Pack_PotionMagic" GemsPrice="15" Purchasable="true" Description="HW17potion_magic_hint" ShopHide="0"/>
    <Pack Name="PotionSpikes" Image="potion_spikes" LootContainerName="Pack_PotionSpikes" GemsPrice="15" Purchasable="true" Description="HW17potion_spikes_hint" ShopHide="0"/>
    <Pack Name="PotionRock" Image="potion_rock" LootContainerName="Pack_PotionRock" GemsPrice="20" Purchasable="true" Description="HW17potion_rock_hint" ShopHide="0"/>
		<Pack Name="PotionLife" Image="potion_life" LootContainerName="Pack_PotionLife" GemsPrice="15" Purchasable="true" Description="Potion_life_hint" ShopHide="0"/>	
    <Pack Name="PotionLegend" Image="potion_phoenix" LootContainerName="Pack_PotionLegend" GemsPrice="40" Purchasable="true" Description="Potion_legend_hint" ShopHide="0"/>		
		
		<Pack Name="MonkChestSmall" Image="monk_chest" LootContainerName="MonkChestSmall" GemsPrice="429" Purchasable="true" Description="MonkChestSmall_Desc" ShopHide="0" DisplayLootEffect="1"/>				
		
    <Pack Name="EnchantChest1" Image="enchant_chest" LootContainerName="EnchantChest_Zone1" GemsPrice="199" Purchasable="true" Description="descForgeChest{textures/misc/forge_green.png}{500}{textures/misc/forge_red.png}{200}{textures/misc/forge_purple.png}{20}" DisplayLootEffect="1" LevelRestrictionMin="1" LevelRestrictionMax="6"/>
		
    <Pack Name="EnchantChest2" Image="enchant_chest" LootContainerName="EnchantChest_Zone2" GemsPrice="199" Purchasable="true" Description="descForgeChest{textures/misc/forge_green.png}{800}{textures/misc/forge_red.png}{300}{textures/misc/forge_purple.png}{30}" DisplayLootEffect="1" LevelRestrictionMin="7" LevelRestrictionMax="12"/>

		<Pack Name="EnchantChest3" Image="enchant_chest" LootContainerName="EnchantChest_Zone3" GemsPrice="199" Purchasable="true" Description="descForgeChest{textures/misc/forge_green.png}{2200}{textures/misc/forge_red.png}{900}{textures/misc/forge_purple.png}{190}" DisplayLootEffect="1" LevelRestrictionMin="13" LevelRestrictionMax="18"/>
		
		<Pack Name="EnchantChest4" Image="enchant_chest" LootContainerName="EnchantChest_Zone4" GemsPrice="199" Purchasable="true" Description="descForgeChest{textures/misc/forge_green.png}{6500}{textures/misc/forge_red.png}{2700}{textures/misc/forge_purple.png}{530}" DisplayLootEffect="1" LevelRestrictionMin="19" LevelRestrictionMax="24"/>    
		
		<Pack Name="EnchantChest5" Image="enchant_chest" LootContainerName="EnchantChest_Zone5" GemsPrice="199" Purchasable="true" Description="descForgeChest{textures/misc/forge_green.png}{20000}{textures/misc/forge_red.png}{8000}{textures/misc/forge_purple.png}{1300}" DisplayLootEffect="1" LevelRestrictionMin="25" LevelRestrictionMax="30"/>    
		
		<Pack Name="EnchantChest6" Image="enchant_chest" LootContainerName="EnchantChest_Zone6" GemsPrice="199" Purchasable="true" Description="descForgeChest{textures/misc/forge_green.png}{57000}{textures/misc/forge_red.png}{24000}{textures/misc/forge_purple.png}{3800}" DisplayLootEffect="1" LevelRestrictionMin="31" LevelRestrictionMax="36"/>    
		
		<Pack Name="EnchantChestIM" Image="enchant_chest" LootContainerName="EnchantChest_ZoneIM" GemsPrice="199" Purchasable="true" Description="descForgeChest{textures/misc/forge_green.png}{110000}{textures/misc/forge_red.png}{55000}{textures/misc/forge_purple.png}{7100}" DisplayLootEffect="1" LevelRestrictionMin="37" LevelRestrictionMax="43"/>    
		
		<Pack Name="EnchantChest7_1" Image="enchant_chest" LootContainerName="EnchantChest_Zone7_1" GemsPrice="199" Purchasable="true" Description="descForgeChest{textures/misc/forge_green.png}{450000}{textures/misc/forge_red.png}{100000}{textures/misc/forge_purple.png}{30000}" DisplayLootEffect="1" LevelRestrictionMin="44" LevelRestrictionMax="46"/>   

		<Pack Name="EnchantChest7_2" Image="enchant_chest" LootContainerName="EnchantChest_Zone7_2" GemsPrice="199" Purchasable="true" Description="descForgeChest{textures/misc/forge_green.png}{933000}{textures/misc/forge_red.png}{225000}{textures/misc/forge_purple.png}{50000}" DisplayLootEffect="1" LevelRestrictionMin="47" LevelRestrictionMax="49"/>    
		
		<Pack Name="EnchantChest7_3" Image="enchant_chest" LootContainerName="EnchantChest_Zone7_3" GemsPrice="199" Purchasable="true" Description="descForgeChest{textures/misc/forge_green.png}{1140000}{textures/misc/forge_red.png}{300000}{textures/misc/forge_purple.png}{100000}" DisplayLootEffect="1" LevelRestrictionMin="50" LevelRestrictionMax="52"/>		
		
	<Pack Name="Pack_Tickets" Image="tickets" LootContainerName="Pack_Ascention_Tickets" GemsPrice="60" Purchasable="true" Description="Pack_Tickets_Text{10}" ShopHide="0" DisplayLootEffect="1"/> 
	
<!--   <Consumable Name="Horn1" Type="HORN" Icon="xmas14_gift"/>
   <Consumable Name="Horn2" Type="HORN" Icon="xmas14_gift"/>
   <Consumable Name="Horn3" Type="HORN" Icon="xmas14_gift"/>

   <Pack Name="Horn1_Pack1" Image="xmas14_gift" ConsumableName="Horn1" GemsPrice="100" Size="1" Purchasable="true" Description="DescriptionHorn1_Pack1"/>
   <Pack Name="Horn2_Pack1" Image="xmas14_gift" ConsumableName="Horn2" GemsPrice="200" Size="20" Purchasable="true" Description="DescriptionHorn2_Pack1"/>
   <Pack Name="Horn3_Pack1" Image="xmas14_gift" ConsumableName="Horn3" GemsPrice="300" Size="100" Purchasable="true" Description="DescriptionHorn3_Pack1"/>  -->
	 
	</Packs>
</RaidItems>
