<RestrictedItems>
  <Item Name="WEAPON_GIANT_SWORD"/>
  <Item Name="WEAPON_TITAN_GIANT_SWORD"/>
  <Item Name="HEAD_TITAN"/>
  <Item Name="BODY_MEGALITH"/>
  <Item Name="BODY_VULCAN"/>
  <Item Name="BODY_FUNGUS"/>
  <Item Name="HEAD_FUNGUS"/>
  <Item Name="HEAD_VULCAN"/>
  <Item Name="HEAD_MEGALITH"/>
  <Item Name="HEAD_FISH"/>
  <Item Name="BODY_FISH"/>
  <Item Name="RANGED_FISH"/>
  <Item Name="HEAD_FATUM"/>
  <Item Name="BODY_LYNX"/>
  <Item Name="BODY_BUTCHER"/>
  <Item Name="BODY_TITAN"/>
  <Item Name="RANGED_TITANS_HARPOON"/>
  <Item Name="MAGIC_MIND_THROW"/>
  <Item Name="HEAD_INVISIBLE"/>
  <Item Name="HEAD_KENJI"/>
  <Item Name="HEAD_MONKEY"/>
  <Item Name="HEAD_BRICK"/>
  <Item Name="HEAD_NIGHT"/>
  <Item Name="HEAD_VILLAIN"/>
  <Item Name="HEAD_LYNX"/>   
  <Item Name="HEAD_CRANE"/>
  <Item Name="HEAD_HERMIT"/>
  <Item Name="HEAD_RHINO"/>  
  <Item Name="HEAD_BUTCHER"/>
  <Item Name="HEAD_WASP"/>
  <Item Name="HEAD_HUNTRESS"/>
  <Item Name="HEAD_DISCIPLE"/>
  <Item Name="HEAD_SHROUD"/>
  <Item Name="HEAD_CYPHER"/>
  <Item Name="HEAD_HYPERION"/>
  <Item Name="HEAD_ZONE7_HERO1"/>
  <Item Name="HEAD_ZONE7_HERO2"/>
  <Item Name="HEAD_ZONE7_HERO3"/>
  <Item Name="HEAD_ANCIENT"/>
  <Item Name="HEAD_TITANS_ARMY1"/>
  <Item Name="HEAD_TITANS_ARMY2"/>
  <Item Name="HEAD_TITANS_ARMY3"/>
  <Item Name="HEAD_TITANS_ARMY4"/>
  <Item Name="HEAD_TITAN"/>
  <Item Name="BODY_INVISIBLE"/>
  <Item Name="BODY_KENJI"/>
  <Item Name="BODY_SHIN"/>
  <Item Name="BODY_MONKEY"/>
  <Item Name="BODY_BRICK"/>
  <Item Name="BODY_WOMAN"/>
  <Item Name="BODY_LYNX"/>
  <Item Name="BODY_BUTCHER"/>
  <Item Name="BODY_TITAN"/>
  <Item Name="BODY_SCAVENGER_1"/>
  <Item Name="BODY_SCAVENGER_2"/>
  <Item Name="BODY_SCAVENGER_4"/>
  <Item Name="BODY_SMOTHER"/>
  <Item Name="HEAD_SCAVENGER_1"/>
  <Item Name="HEAD_SCAVENGER_2"/>
  <Item Name="HEAD_SCAVENGER_4"/>
  <Item Name="HEAD_SMOTHER"/>
  <Item Name="HEAD_MEPHISTO"/>
  <Item Name="HEAD_CORSAIR"/>
  <Item Name="ARMOR_WOMAN_BARBARIAN"/>
  <Item Name="ARMOR_WOMAN_GREEN"/>
  <Item Name="ARMOR_WOMAN_RONIN"/>
  <Item Name="ARMOR_BIG_CENTURION"/>
  <Item Name="ARMOR_BIG_QUILTED"/>
  <Item Name="ARMOR_BIG_SPIKE"/>
  <Item Name="ARMOR_BIG_BEAST_SHELL"/>
  <Item Name="ARMOR_WASP"/>
  <Item Name="ARMOR_HUNTRESS"/>
  <Item Name="ARMOR_SHOGUN"/>
  <Item Name="ARMOR_BIG_SHROUD"/>
  <Item Name="ARMOR_HYPERION"/>
  <Item Name="ARMOR_WOMAN_ALLOY"/>
  <Item Name="ARMOR_WOMAN_REDSHIFT"/>
  <Item Name="ARMOR_WOMAN_LUMINOSITY"/>
  <Item Name="ARMOR_ANCIENT"/>
  <Item Name="ARMOR_ZONE7_HERO1"/>
  <Item Name="ARMOR_REDSHIFT_BIG"/>
  <Item Name="MAGIC_BUTCHER_EARTHQUAKE"/>
  <Item Name="HERMIT_STORM"/>
  <Item Name="HEAD_SCAVEN"/>
  <Item Name="MAGIC_RAT_WAVE"/>
  <Item Name="BODY_HOAXEN"/>
  <Item Name="HEAD_HOAXEN"/>
  <Item Name="HEAD_WHISPER"/>
  <Item Name="BODY_WHISPER"/>
  <Item Name="BODY_HUNGER"/>
  <Item Name="HEAD_HUNGER"/>
  <Item Name="WEAPON_HUNGER"/>
  <Item Name="MAGIC_HUNGER_CLAWS"/>
</RestrictedItems>