<TacticsSettings>
  <BothBot Enabled="0"/>
  <Tactics>

    <Tactic Name="Raid_Standard" Template="Raid_UseTables">
      <AnimationWeights>
        <Animation Name="ForwardStep" Base="800" Antilimit="800" Limit="1600" DistanceFactor="0.002" Shift="-0.25"/>
        <Animation Name="BackStep" Base="250" AntiLimit="250" Limit="1" DistanceFactor="0.0025" Shift="-0.25"/>
        <Animation Name="BackHandflip" Base="500" AntiLimit="500" Limit="1" DistanceFactor="0.0025" Shift="-0.25"/>
        <Animation Name="Duck" Base="1" />
        <Animation Name="JumpUp" Base="1" />
        <Animation Name="WallJump_50" Base="1000" />
        <Animation Name="WallJump_100" Base="1000" />
        <Animation Name="ShortAttack" Base="1000" />
        <Animation Name="Weapon" Base="200" />
        <Animation Name="RangedPlayer" Base="400" AntiLimit="400" Limit="1000"  DistanceFactor="0.0025" Shift="-0.75">
          <AnimationFactors Animation="RangedMissile" HitFactor="-0.3" DamageFactor="-1" />
        </Animation>
        <Animation Name="MagicPlayer" Base="1000" />
        <Animation Name="BossAbility" Base="3000" />
        <Animation Name="Retreat" Base="100" AntiLimit="100" Limit="1" DistanceFactor="0.0025" Shift="-0.25" />
        <Animation Base="100" />
      </AnimationWeights>
    </Tactic>

    <Tactic Name="Raid_Test" Template="Raid_UseTables">
      <AnimationWeights>
        <Animation Name="JumpUp" Base="1000" />
      </AnimationWeights>
    </Tactic>

    <Tactic Name="Raid_Aggressive" Template="Raid_Standard">
      <AnimationWeights>
        <Animation Name="ForwardStep" Base="1000" />
        <Animation Name="Retreat" Base="1" />
        <Animation Name="Duck" Base="1" />
        <Animation Name="JumpUp" Base="1" />
        <Animation Name="WallJump_50" Base="1000" />
        <Animation Name="WallJump_100" Base="1000" />
        <Animation Name="ShortAttack" Base="1000" />
        <Animation Name="Weapon" Base="200" />
        <Animation Name="RangedPlayer" Base="400" AntiLimit="400" Limit="1000"  DistanceFactor="0.0025" Shift="-0.75">
          <AnimationFactors Animation="RangedMissile" HitFactor="-0.3" DamageFactor="-1" />
        </Animation>
        <Animation Name="MagicPlayer" Base="2000" />
        <Animation Name="BossAbility" Base="7500" />
        <Animation Base="100" />
      </AnimationWeights>
      <ExpectedWait>
        <Animation Name="Step" Base="1000" Limit="1000" />
        <Animation Base="0" Limit="0" />
      </ExpectedWait>
    </Tactic>

    <Tactic Name="Raid_UseTables" Type="Tabular">
      <UseDefense>
        <CounterAttackChance Base="0.1" CounterFactor="0.05" HitFactor="0.15" DamageFactor="0.5" AnimationFramesFactor="0.0015" Limit="1" />
        <DodgeChance         Base="0.1" CounterFactor="0.05" HitFactor="0.15" DamageFactor="0.5" AnimationFramesFactor="0.0015" Limit="1" />
        <BlockChance         Base="0.1" CounterFactor="0.05" HitFactor="0.15" DamageFactor="0.5" AnimationFramesFactor="0.005" Limit="1" />
      </UseDefense>
      <UseSafeAttackChance     Base="0.05" CounterFactor="0.2" AnimationFramesFactor="0.0015" Limit="1" />
      <TableAttackChance       Base="0" CounterFactor="0.2" AnimationFramesFactor="0.0015" Limit="1" />
      <DodgeMissilesChance     Base="0" ChildFramesFactor="0.005" Limit="1">
        <AnimationFactors Animation="RangedMissile" HitFactor="0.3" DamageFactor="1" />
        <AnimationFactors Animation="RangedPlayer" CounterFactor="0.1" />
      </DodgeMissilesChance>
      <DodgeMagicChance        Base="0.1" ChildFramesFactor="0.005" Limit="1">
        <AnimationFactors Animation="MagicMissile" HitFactor="0.3" DamageFactor="1" />
        <AnimationFactors Animation="MagicPlayer" CounterFactor="0.1" />
      </DodgeMagicChance>
      <QuickAttacks>
        <QuickAttackChance Animation="Throw" Base="0.05" Limit="0.3">
          <AnimationFactors Animation="Throw" HitFactor="1" />
        </QuickAttackChance>
        <QuickAttackChance Animation="ShortAttack" Base="0.2" />
      </QuickAttacks>
      <Evades>
        <EvadeChance Animation="Throw" Base="0.05" Limit="1" >
          <AnimationFactors Animation="Throw" HitFactor="1" />
        </EvadeChance>
      </Evades>
      <CautiousMovementsChance Base="0.2" HealthFactor="1" EnemyHealthFactor="-1" Limit="0.4" AntiLimit="0" DistanceFactor="0.00125" >
        <AnimationFactors Animation="RangedMissile" HitFactor="0.1" DamageFactor="0.33" />
        <AnimationFactors Animation="RangedPlayer" CounterFactor="0.033" />
      </CautiousMovementsChance>
      <DistanceError>
        <Min Base="0" />
        <Max Base="0" />
      </DistanceError>
      <FrameError>
        <Min Base="0" />
        <Max Base="0" />
      </FrameError>
      <ResponseDelay>
        <Min Base="0" />
        <Max Base="0" />
      </ResponseDelay>
      <EnemyResponseDelay>
        <Min Base="30" />
        <Max Base="60" />
      </EnemyResponseDelay>
      <ExpectedWait>
        <Animation Name="Step" Base="1000" Limit="1000" />
        <Animation Base="5" HealthFactor="1" EnemyHealthFactor="-1" Limit="15" AntiLimit="1" />
      </ExpectedWait>
      <Memory Strikes="3" RoundFactor="1" />
    </Tactic>
  </Tactics>
</TacticsSettings>