<?xml version='1.0' encoding='utf-8'?>
<Localization>
  <Words>     
    <Word Title="hintWar">键</Word>	
    <Word Title="Hunger_Greetings1">你不远万里来到这里， 为了什么？ 来拯救这些忘 恩负义的凡人？ 他们根本不在乎你！ 我能感觉到 你的孤独、 你的渴望， 以及你的… 恐惧。</Word>
    <Word Title="Hunger_Greetings2">暗影，别被他骗了！ 他只是看起来很弱。 在他眼里， 你根本不是朋友， 只是猎物罢了。 如果你再靠近一点， 他会把你撕成两半的！</Word>
    <Word Title="Hunger_Greetings3">你能看见我的 兄弟们吗？ 他们内心很渴望， 不过他们的渴 望跟我不一样！ 他们渴望消遣。 不过他们的渴 望跟我的相比 算不了什么！</Word>
    <Word Title="Hunger_AfterWin">造物主， 你给了我食物， 但远远不够。 我还是感到饥饿， 请让我解脱吧…</Word>
    <Word Title="Hunger_AfterLoss">既然你是天选之子， 我就给你最后一 次机会： 跟着我， 吃香的喝辣的。 要不然， 你就会跟其他人一 样沦为尘埃。</Word>
    <Word Title="RAIDBOSS_Hunger">卡彻</Word>
    <Word Title="RAIDBOSS_Hunger_Title">卡彻</Word>
    <Word Title="hintHunger">需要挑战卡彻。</Word>
    <Word Title="PotionLife">复原</Word>
    <Word Title="PotionLegend">长生鸟</Word>
    <Word Title="Potion_life_desc">生命回复</Word>
    <Word Title="Potion_legend_desc">效果三合一</Word>
    <Word Title="Potion_life_hint">单一回合 中受到伤 害后回复 生命值</Word>
    <Word Title="Potion_legend_hint">融合“石”、“魔力之源”、“钢铁刺猬”</Word>	
    <Word Title="NY19_announce">前往第三层地狱！ 挑战全新  Boss， 赢取圣诞物品！</Word>		
    <Word Title="raidUpdateVersionMessage">有新版本，商店中更新也许尚未可用，
不过很快将会解锁。在此期间，
请勿卸载应用。感谢您的耐心等待。</Word>	 
	<Word Title="OK">确定</Word>
  <Word Title="SERVER_RESPONSE_ERROR">服务器回应错误</Word>
  <Word Title="RANGED_RAID_VOLCANO_SET">龙之泪</Word>
	</Words>
</Localization>