<?xml version='1.0' encoding='utf-8'?>
<Localization>
  <Words>
    <Word Title="hintWar">鍵</Word>
    <Word Title="Hunger_Greetings1">你走了很長的 路來到這裡。 為什麼？ 為了拯救那些 忘恩負義的人？ 他們對你才不在乎！ 我能感受到你的寂寞、 飢餓和…… 恐懼。</Word>
    <Word Title="Hunger_Greetings2">暗影， 不要被愚弄！ 他只是看起 來虛弱而已。 你不是他的朋友， 你只是他的獵物。 如果你靠近， 他會將你撕 成碎片！</Word>
    <Word Title="Hunger_Greetings3">你能看見 我的兄弟們嗎？ 他們渴求著， 但他們的渴望 是不同的種類。 他們急需娛樂。 但他們的饑餓 和我相比算不 上什麼！</Word>
    <Word Title="Hunger_AfterWin">造物主， 你給了我食物， 但這還不夠。 我的飢餓是 永恆的， 我需要拯救……</Word>
    <Word Title="Hunger_AfterLoss">既然你是被選 中的人， 我會給你最後一 次與我同享盛 宴的機會。 否則你的骨頭 將與他人一 同落入塵埃中。</Word>
    <Word Title="RAIDBOSS_Hunger">卡爾塞</Word>
    <Word Title="RAIDBOSS_Hunger_Title">卡爾塞</Word>
    <Word Title="hintHunger">必備才能與卡爾塞戰鬥</Word>
    <Word Title="PotionLife">復原</Word>
    <Word Title="PotionLegend">長生鳥</Word>
    <Word Title="Potion_life_desc">生命值再生</Word>
    <Word Title="Potion_legend_desc">3效合1</Word>
    <Word Title="Potion_life_hint">在1輪中受到傷 害後生命值再生</Word>
    <Word Title="Potion_legend_hint">結合靈藥「岩」、 「魔法來源」、 「鋼鐵刺猬」</Word>	
    <Word Title="NY19_announce">前往地下世界第3層！ 與新頭目戰鬥， 贏得聖誕節物品！</Word>		
    <Word Title="raidUpdateVersionMessage">有可用的新更新。 如果更新在商店尚未開放， 請稍加等待， 很快就會解鎖。 在此期間請勿移除應用程式。 感謝您的耐心。</Word>      
		<Word Title="OK">确定</Word>
    <Word Title="SERVER_RESPONSE_ERROR">伺服器回應錯誤</Word>
  <Word Title="RANGED_RAID_VOLCANO_SET">神龍之淚</Word>
	</Words>
</Localization>