<?xml version='1.0' encoding='utf-8'?>
<Localization>
  <Words> 
    <Word Title="hintWar">Key</Word>	
    <Word Title="Hunger_Greetings1">You traveled quite a long path to get here. Why? To save the ungrateful morrrtals? They couldn’t care less about you! I can sense your loneliness, your hunger, and your...fearrr.</Word>
    <Word Title="Hunger_Greetings2">Shadow, don’t be fooled! He only seems weak. You’re not his friend, you’re just his prey. He’ll tear you to pieces if you get any closer!</Word>
    <Word Title="Hunger_Greetings3">Can you see my brothers? They thirrrst, but their thirst is of a different breed. They crave enterrrtainment. But their hunger is nothing compared to mine!</Word>
    <Word Title="Hunger_AfterWin">Creator, you sent me sustenance, but it is not enough. My hunger is eternal, grant me deliverance...</Word>
    <Word Title="Hunger_AfterLoss">Since you’rrre the chosen one, I’ll give you one last chance to stay with me and feast. Otherrrwise your bones will fall to join the others in the dust.</Word>
    <Word Title="RAIDBOSS_Hunger">KARCER</Word>
    <Word Title="RAIDBOSS_Hunger_Title">Karcer</Word>
    <Word Title="hintHunger">Required to enter the battle with Karcer</Word>
    <Word Title="PotionLife">Healing Vine</Word>
    <Word Title="PotionLegend">Phoenix</Word>
    <Word Title="Potion_life_desc">Health Regeneration</Word>
    <Word Title="Potion_legend_desc">3 effects in 1</Word>
    <Word Title="Potion_life_hint">Regenerates heaths after you took some damage during 1 round</Word>
    <Word Title="Potion_legend_hint">Combines effects of elixirs "Crag", "Magic Source", "Steel Hedgehog" - works for 1 round</Word>
    <Word Title="NY19_announce">Come to the 3rd tier of the Underworld! Fight new boss and win Christmas items!</Word>		
    <Word Title="Two_Players">On 2 players</Word>
    <Word Title="Two_Players_fast">Two players fast</Word>
    <Word Title="raidUpdateVersionMessage">New version available. If the update is not available in the store yet, it will be unlocked soon. Please don't uninstall the app during this period. Thanks for your patience.</Word>
    <Word Title="OK">OK</Word>
    <Word Title="SERVER_RESPONSE_ERROR">Server response error</Word>
	<Word Title="RANGED_RAID_VOLCANO_SET">Dragon's Tear</Word>
	</Words>
</Localization>