<?xml version='1.0' encoding='utf-8'?>
<Localization>
  <Words>
    <Word Title="hintWar">Clé</Word>	
    <Word Title="Hunger_Greetings1">Vous avez voyagé par monts et par vaux pour arriver jusqu'ici. Et pourquoi ? Pour sauver des morrrtels ingrats ? Ils se moquent éperdument de vous ! Je perçois votre solitude, votre faim et votre... peurrr.</Word>
    <Word Title="Hunger_Greetings2">Ombre, ne soyez pas idiot ! Sa faiblesse apparente n'est qu'une ruse habile. Vous n'êtes pas son ami... mais juste sa proie ! Il lacérera votre chair si vous vous approchez davantage !</Word>
    <Word Title="Hunger_Greetings3">Voyez-vous mes frères ? Leur soif est arrrdente, mais ils s'abreuvent d'une race tout autre. Ils veulent s'amuser... mais leur faim n'est rien comparée à la mienne !</Word>
    <Word Title="Hunger_AfterWin">Créateur, vous m'avez envoyé de quoi me sustenter, mais cela n'est guère suffisant ! Ma faim est éternelle, affranchissez-moi de cette voracité...</Word>
    <Word Title="Hunger_AfterLoss">Comme vous êtes l'élu, je vous donne une dernière chance de rester à mes côtés et de festoyer. Sinon, vos os rejoindront ceux des autrrres dans la poussièrrre.</Word>
    <Word Title="RAIDBOSS_Hunger">KARCER</Word>
    <Word Title="RAIDBOSS_Hunger_Title">Karcer</Word>
    <Word Title="hintHunger">Requis pour affronter Karcer</Word>
    <Word Title="PotionLife">Plante rampante régénératrice</Word>
    <Word Title="PotionLegend">Phénix</Word>
    <Word Title="Potion_life_desc">Régénération de la santé</Word>
    <Word Title="Potion_legend_desc">3 effets en 1</Word>
    <Word Title="Potion_life_hint">Régénère la santé lorsque vous subissez des dégâts après 1 manche</Word>
    <Word Title="Potion_legend_hint">Combine les effets des élixirs "Rocher escarpé", "Source magique", "Hérisson d'acier" - Fonctionne pendant 1 manche</Word>	
    <Word Title="NY19_announce">Venez découvrir le 3e palier des Enfers ! Affrontez un nouveau boss et remportez des objets de Noël !</Word>	
    <Word Title="raidUpdateVersionMessage">Nouvelle version disponible. Si la mise à jour n'est pas encore disponible via le store, elle sera bientôt débloquée. Dans tous les cas de figure, veuillez ne pas désinstaller l'appli. Merci de votre patience.</Word>
		<Word Title="OK">OK</Word>	
    <Word Title="SERVER_RESPONSE_ERROR">Erreur de réponse du serveur</Word>
  <Word Title="RANGED_RAID_VOLCANO_SET">Larme de dragon</Word>
	</Words>
</Localization>