<?xml version='1.0' encoding='utf-8'?>
<Localization>
  <Words>
    <Word Title="hintWar">Schlüssel</Word>	
    <Word Title="Hunger_Greetings1">Du bist sehr weit gereist, um an diesen Ort zu kommen. Warum? Um die undankbaren Sterrrblichen zu retten? Du bist ihnen völlig egal! Ich spüre deine Einsamkeit, deinen Hunger und deine... Furrrcht.</Word>
    <Word Title="Hunger_Greetings2">Schatten, lass dich nicht zum Narren halten! Er mutet nur schwach an. Du bist nicht sein Freund, du bist nur seine Beute. Er wird dich in Stücke reißen, wenn du noch näher herangehst!</Word>
    <Word Title="Hunger_Greetings3">Kannst du meine Brüder sehen? Sie haben Durrrst, aber ihr Durst ist von einer anderen Art. Sie sehnen sich nach Unterrrhaltung. Aber ihr Hunger ist nichts im Vergleich zu meinem!</Word>
    <Word Title="Hunger_AfterWin">Schöpfer, du hast mir Nahrung geschickt, aber sie reicht nicht. Mein Hunger währt ewiglich. Gewähre mir die Errettung ...</Word>
    <Word Title="Hunger_AfterLoss">Da du der Auserrrwählte bist, werde ich dir eine letzte Chance geben, bei mir zu bleiben und zu schlemmen. Anderrrenfalls werden sich deine Knochen zu den anderen im Staub gesellen.</Word>
    <Word Title="RAIDBOSS_Hunger">KARCER</Word>
    <Word Title="RAIDBOSS_Hunger_Title">Karcer</Word>
    <Word Title="hintHunger">Erforderlich, um die Schlacht mit Karcer zu betreten</Word>
    <Word Title="PotionLife">Heilrebe</Word>
    <Word Title="PotionLegend">Phönix</Word>
    <Word Title="Potion_life_desc">Regeneration der Gesundheit</Word>
    <Word Title="Potion_legend_desc">3 Effekte in 1</Word>
    <Word Title="Potion_life_hint">Regeneriert Gesundheit, wenn du in 1 Runde Schaden erlitten hast</Word>
    <Word Title="Potion_legend_hint">Kombiniert die Wirkung der Elixiere „Klippe“, „Magische Quelle“, „Stahligel“ – wirkt 1 Runde lang</Word>	
    <Word Title="NY19_announce">Komm auf die dritte Ebene der Unterwelt! Bekämpfe einen neuen Boss und gewinne Weihnachtsgegenstände!</Word>	
    <Word Title="raidUpdateVersionMessage">Neue Version verfügbar. Wenn das Update im Appstore noch nicht erhältlich ist, wird es bald freigeschaltet. Bitte deinstalliere die App während dieses Zeitraums nicht. Danke für deine Geduld.</Word>
		<Word Title="OK">OK</Word>
    <Word Title="SERVER_RESPONSE_ERROR">Server antwortet nicht</Word>
  <Word Title="RANGED_RAID_VOLCANO_SET">Drachenträne</Word>
	</Words>
</Localization>