<?xml version='1.0' encoding='utf-8'?>
<Localization>
  <Words>     
    <Word Title="hintWar">Chiave</Word>		
    <Word Title="Hunger_Greetings1">Hai fatto molta strada per arrivare qui. Per quale ragione? Per salvare i morrrtali? A loro non importa nulla di te! Sento la tua solitudine, la tua fame, la tua... paurrra.</Word>
    <Word Title="Hunger_Greetings2">Non farti ingannare, Ombra! Sembra debole, ma non lo è. Non sei un amico, ma la sua preda. Ti farà a pezzi se ti avvicinerai ulteriormente!</Word>
    <Word Title="Hunger_Greetings3">Vedi i miei fratelli? Hanno sete, ma la loro sete è diversa. Hanno sete di diverrrtimento. Ma la loro fame non è paragonabile alla mia!</Word>
    <Word Title="Hunger_AfterWin">Creatore, mi mandi il sostentamento, ma non è sufficiente. La mia fame è eterna, liberami...</Word>
    <Word Title="Hunger_AfterLoss">Visto che sei il prrrescelto, ti darò un'ultima possibilità di restare con me e banchettare. Altrrrimenti, le tue ossa cadranno insieme alle altre nella polvere.</Word>
    <Word Title="RAIDBOSS_Hunger">KARCER</Word>
    <Word Title="RAIDBOSS_Hunger_Title">Karcer</Word>
    <Word Title="hintHunger">Serve per combattere contro Karcer</Word>
    <Word Title="PotionLife">Vite curativa</Word>
    <Word Title="PotionLegend">Fenice</Word>
    <Word Title="Potion_life_desc">Rigenerazione</Word>
    <Word Title="Potion_legend_desc">3 effetti in 1</Word>
    <Word Title="Potion_life_hint">Rigenera la salute dopo che hai subito danni nel corso di 1 ripresa</Word>
    <Word Title="Potion_legend_hint">Unisce gli effetti degli elisir Roccia, Fonte magica e Riccio d'acciaio; dura 1 ripresa</Word>	
    <Word Title="NY19_announce">Visita il 3° livello degli Inferi! Combatti contro il nuovo boss e ottieni oggetti di Natale!</Word>		
    <Word Title="OK">OK</Word>
    <Word Title="raidUpdateVersionMessage">È arrivata una nuova versione. Se l'aggiornamento non è ancora disponibile al negozio, lo sarà presto. Nel frattempo, non disinstallare l'applicazione. Grazie per la pazienza.</Word>	 
    <Word Title="SERVER_RESPONSE_ERROR">Errore nella risposta del server</Word>
  <Word Title="RANGED_RAID_VOLCANO_SET">Lacrime del drago</Word>
	</Words>
</Localization>