<?xml version='1.0' encoding='utf-8'?>
<Localization>
  <Words>      
    <Word Title="hintWar">キー</Word>	
    <Word Title="Hunger_Greetings1">ここまでずいぶん長 い旅をしてきたな。 なぜだ？ 感謝もしない 虫けらどもを救 うためか？ あいつらはおま えのことなど気にも していないぞ！ 感じる... おまえの孤独、 飢え、 そして恐怖を。</Word>
    <Word Title="Hunger_Greetings2">SHADOW、騙されるな！ あの弱さ は見せかけだ。 仲間でもない。 おまえは獲物だと 思われているのだ。 近づけば、 バラバラに引 き裂かれてしまうぞ！</Word>
    <Word Title="Hunger_Greetings3">俺の兄弟た ちが見えるか？ 渇いているのだ。 違う種類の渇きだ。 やつらは楽しみを欲 しがっている。だがや つらの飢えなど、 この俺に比べれば 何ほどのも のでもない！</Word>
    <Word Title="Hunger_AfterWin">創造者よ、 あなたは俺に 滋養をくださった。 だがまだ足りない。 俺の飢えは永遠だ。 救いを...</Word>
    <Word Title="Hunger_AfterLoss">おまえは選ば れたもののようだ。 ここにとどまって宴を 楽しむ最後のチャン スをやろう。 これを受けなければ、 おまえの骨は他の 者の骨と同じく 塵となるぞ。</Word>
    <Word Title="RAIDBOSS_Hunger">カルサー</Word>
    <Word Title="RAIDBOSS_Hunger_Title">カルサー</Word>
    <Word Title="hintHunger">カルサーと戦闘に入るために必要です</Word>
    <Word Title="PotionLife">癒しのツタ</Word>
    <Word Title="PotionLegend">フェニックス</Word>
    <Word Title="Potion_life_desc">体力自動回復</Word>
    <Word Title="Potion_legend_desc">3つの効果が1つに</Word>
    <Word Title="Potion_life_hint">1ラウンドの間、 ダメージを受けると 体力が回復する</Word>
    <Word Title="Potion_legend_hint">「大岩」、 「魔力薬」、 「鋼鉄ヤマアラシ 」のエリクサー の効果が組み 合わさったもの。 1ラウンド有効</Word>	
    <Word Title="NY19_announce">冥界の第3階層に来たれ！ 新たなボスと戦い、 クリスマスのアイテ ムを獲得せよ！</Word>		
    <Word Title="raidUpdateVersionMessage">新バージョンが登場しました。まだストアでアップデートが見えない場合、まもなくダウンロード可能になります。この期間中にアプリをアンインストールしないでください。ご協力ありがとうございます。</Word>
		<Word Title="OK">OK</Word>
    <Word Title="SERVER_RESPONSE_ERROR">サーバー応答エラー</Word>
  <Word Title="RANGED_RAID_VOLCANO_SET">龍の涙</Word>
	</Words>
</Localization>