<?xml version='1.0' encoding='utf-8'?>
<Localization>
  <Words>
    <Word Title="hintWar">키</Word>		
    <Word Title="Hunger_Greetings1">아주먼길을돌아여기까지 왔구나.왜지?감사할 줄모르는필멸자들을 구하려고?그것들은네게 아무런관심도없다! 네외로움과 굶주림, 그리고... 공포가 아주 잘 느껴지는구나.</Word>
    <Word Title="Hunger_Greetings2">섀도우,속지마라!그는 약해보일뿐이다. 넌그의 친구가아니야.그저 먹잇감일뿐. 더 가까이 다가가면 조각조각 찢어발길것이다!</Word>
    <Word Title="Hunger_Greetings3">내 형제들이 보이나? 그들은지금목이마르다. 그리고그들이느끼는갈 증은조금다른종류의 것이다. 여흥을갈망하고있지. 하지만내굶주림과 비교하면아무것도아니야!</Word>
    <Word Title="Hunger_AfterWin">창조주여, 내게 자양물을 보내 주었구나. 하지만 이걸로는 부족하다. 내 굶주림은 영원하니, 날 구원해 다오...</Word>
    <Word Title="Hunger_AfterLoss">네가선택된자라고하니, 마지막으로한번의기회를 더주겠다.나와함께 연회를즐기자.그러지 않으면네 뼈또한가루가 된다른자들과같은운명을 맞으리라.</Word>
    <Word Title="RAIDBOSS_Hunger">카서</Word>
    <Word Title="RAIDBOSS_Hunger_Title">카서</Word>
    <Word Title="hintHunger">카서와 전투를 하려면 필요합니다</Word>
    <Word Title="PotionLife">치유의 덩굴</Word>
    <Word Title="PotionLegend">불사조</Word>
    <Word Title="Potion_life_desc">체력 회복</Word>
    <Word Title="Potion_legend_desc">세 가지 효과를 하나에</Word>
    <Word Title="Potion_life_hint">1라운드에 피해를 받은 후 체력을 회복합니다</Word>
    <Word Title="Potion_legend_hint">묘약 "바위", "마법의 원천", "강철 고슴도치"의 효과를 결합합니다.</Word>		
    <Word Title="raidUpdateVersionMessage">새버전을사용 할수있습니다. 업데이트를아직 상점에서사용할수없는 경우곧잠금해제될것입니다. 이기간동안앱을 삭제하지마십시오. 기다려주셔서 감사합니다.</Word>
		<Word Title="OK">확인</Word>
    <Word Title="SERVER_RESPONSE_ERROR">서버 응답 오류</Word>
  <Word Title="RANGED_RAID_VOLCANO_SET">용의 눈물</Word>
	</Words>
</Localization>