<?xml version='1.0' encoding='utf-8'?>
<Localization>
  <Words>
    <Word Title="hintWar">Chave</Word>	
    <Word Title="Hunger_Greetings1">Você percorreu um longo caminho para chegar aqui. E para quê? Para salvar mortais mal agradecidos? Eles não ligam a mínima para você! Posso sentir sua sssolidão, sua fome e seu... medo.</Word>
    <Word Title="Hunger_Greetings2">Sombra, não seja tolo! Ele só aparenta fraqueza. Você não é amigo dele, apenas sua caça. Ele vai destruir você se chegar mais perto!</Word>
    <Word Title="Hunger_Greetings3">Consegue ver meus irmãos? Eles estão com sssede, mas de uma raça diferente. Querem diversssão! Mas a fome deles não se compara à minha!</Word>
    <Word Title="Hunger_AfterWin">Criador, você me enviou sustento, mas não foi o suficiente. Minha fome é eterna, conceda minha libertação...</Word>
    <Word Title="Hunger_AfterLoss">Já que você é o escolhido, vou lhe dar a última chance de ficar comigo e banquetear. Sssenão, seus ossos vão se juntar aos outros na poeira.</Word>
    <Word Title="RAIDBOSS_Hunger">KARCER</Word>
    <Word Title="RAIDBOSS_Hunger_Title">Karcer</Word>
    <Word Title="hintHunger">Necessário para entrar na batalha com o Karcer</Word>
    <Word Title="PotionLife">Videira curativa</Word>
    <Word Title="PotionLegend">Fênix</Word>
    <Word Title="Potion_life_desc">Regeneração de vida</Word>
    <Word Title="Potion_legend_desc">3 efeitos em 1</Word>
    <Word Title="Potion_life_hint">Regenera a vida depois de receber dano, por um turno</Word>
    <Word Title="Potion_legend_hint">Combina o efeito dos elixires Despenhadeiro, Fonte de magia e Ouriço de aço, por um turno</Word>	
    <Word Title="NY19_announce">Venha para o 3º nível do Submundo! Lute contra o novo chefe e ganhe itens de Natal!</Word>		
    <Word Title="OK">OK</Word>
    <Word Title="raidUpdateVersionMessage">Nova versão disponível. Se a atualização ainda não estiver disponível na loja, ela será liberada em breve. Por favor, não desinstale o aplicativo durante este período. Obrigado pela paciência.</Word>	 
    <Word Title="SERVER_RESPONSE_ERROR">Erro de resposta do servidor</Word>
  <Word Title="RANGED_RAID_VOLCANO_SET">Lágrimas do Dragão</Word>
	</Words>
</Localization>