<?xml version='1.0' encoding='utf-8'?>
<Localization>
  <Words>
    <Word Title="hintWar">Ключ</Word>		
       
    <Word Title="Hunger_Greetings1">Ты так долго шёл сюда. Зачем? Чтобы спасти неблагодарных смеррртных? Им нет дела до тебя! А я чувствую твоё одиночество, голод и стрррах.</Word>
    <Word Title="Hunger_Greetings2">Не обманывайся, Тень! Он только кажется слабым. Ты для него не друг, а добыча. Он разорвет тебя на куски, если приблизишься хоть на шаг!</Word>
    <Word Title="Hunger_Greetings3">Видишь моих братьев? Их терррзает жажда, но иного рода. Они хотят зрррелищ. Но их голод - лишь жалкое подобие моего!</Word>
    <Word Title="Hunger_AfterWin">Создатель, ты прислал мне пищу, но я не могу насытиться. Мой голод длится целую вечность, подари мне избавление...</Word>
    <Word Title="Hunger_AfterLoss">Ты ведь избррранный! Я даю тебе последний шанс остаться со мной и пиррровать. Иначе твои кости будут валяться в пыли среди остальных.</Word>
    <Word Title="RAIDBOSS_Hunger">КАРЦЕР</Word>
    <Word Title="RAIDBOSS_Hunger_Title">Карцер</Word>
    <Word Title="hintHunger">Требуется для входа в бой с Карцером</Word>
    <Word Title="PotionLife">Целебная Лоза</Word>
    <Word Title="PotionLegend">Феникс</Word>
    <Word Title="Potion_life_desc">Регенерация здоровья</Word>
    <Word Title="Potion_legend_desc">3 эффекта в 1</Word>
    <Word Title="Potion_life_hint">Восстанавливает здоровье при получении урона - действует 1 раунд</Word>
    <Word Title="Potion_legend_hint">Совмещает эффекты эликсиров "Утёс", "Источник Магии", "Стальной Ёж" - действует 1 раунд</Word>
    <Word Title="NY19_announce">Переходи на третий ярус Подземелья! Сразись с новым боссом и выиграй новогодние предметы!</Word>		
    <Word Title="Two_Players">На 2 игрока</Word>
    <Word Title="Two_Players_fast">2ИгрокаБыстро</Word>
		<Word Title="raidUpdateVersionMessage">Доступна новая версия!
Если ее нет в магазине, значит она появится там в ближайшее время.
Пожалуйста, не удаляйте игру в этот период.
Спасибо за терпение!</Word>
		<Word Title="OK">ОК</Word>
    <Word Title="SERVER_RESPONSE_ERROR">Сервер не отвечает</Word>
	<Word Title="RANGED_RAID_VOLCANO_SET">Слеза Дракона</Word>
	</Words>	
</Localization>