<?xml version='1.0' encoding='utf-8'?>
<Localization>
  <Words>
    <Word Title="hintWar">Llave</Word>	
    <Word Title="Hunger_Greetings1">Has recorrido un largo camino para llegar hasta aquí. ¿Por qué lo has hecho? ¿Para salvar a los ingratos morrrrtales? ¡A ellos no les importas nada! Siento tu soledad, tu hambrrrrre y tu... miedo.</Word>
    <Word Title="Hunger_Greetings2">¡Sombra, no te dejes engañar! Solo aparenta debilidad. No eres su amigo; solo su presa. ¡Te hará pedazos como te acerques!</Word>
    <Word Title="Hunger_Greetings3">¿Ves a mis hermanos? Tienes sed, pero su sed es de una raza diferrrrrente. Anhelan el entretenimiento, pero su hambrrrrre no es nada en comparación con la mía.</Word>
    <Word Title="Hunger_AfterWin">Creador, me enviaste sustento, pero no es suficiente. Mi hambre es eterna; concédeme la salvación...</Word>
    <Word Title="Hunger_AfterLoss">Ya que errrrres el elegido, te daré una última oportunidad de quedarrrrte conmigo y celebrarlo. De lo contrario, tus huesos caerrrrrán al polvo junto a los de los demás.</Word>
    <Word Title="RAIDBOSS_Hunger">KARCER</Word>
    <Word Title="RAIDBOSS_Hunger_Title">Karcer</Word>
    <Word Title="hintHunger">Se requiere para acceder a la batalla con Karcer</Word>
    <Word Title="PotionLife">Vid curativa</Word>
    <Word Title="PotionLegend">Fénix</Word>
    <Word Title="Potion_life_desc">Regeneración de salud</Word>
    <Word Title="Potion_legend_desc">3 efectos en 1</Word>
    <Word Title="Potion_life_hint">Regenera la salud después de recibir daño durante 1 ronda</Word>
    <Word Title="Potion_legend_hint">Combina los efectos de los elixires Risco, Fuente de magia y Erizo de acero; funciona durante 1 ronda</Word>	
    <Word Title="NY19_announce">¡Ven al tercer nivel del inframundo! ¡Enfréntate a los nuevos jefes y gana objetos de Navidad!</Word>		
    <Word Title="OK">OK</Word>
    <Word Title="raidUpdateVersionMessage">Nueva versión disponible. Si la actualización no está disponible aún en la tienda, se desbloqueará en breve. Por favor, no desinstales la aplicación mientras tanto. Gracias por tu paciencia.</Word>	 
    <Word Title="SERVER_RESPONSE_ERROR">Error de respuesta del servidor</Word>
  <Word Title="RANGED_RAID_VOLCANO_SET">Lágrimas de dragón</Word>
	</Words>
</Localization>