<?xml version='1.0' encoding='utf-8'?>
<Localization>
  <Words>      
    <Word Title="hintWar">Anahtar</Word>	
    <Word Title="Hunger_Greetings1">Buraya gelmek için uzun bir yol kat ettin. Neden? Bu nankör ölümlüleri kurtarmak için mi? Seni daha az önemseyemezlerdi! Ben senin yalnızlığını hissedebilirim, açlığını, ve... korkunu.</Word>
    <Word Title="Hunger_Greetings2">Gölge, aldanma! O yalnızca zayıflıkları görür. Onun arkadaşı değil, yalnızca avısın. Daha fazla yaklaşırsan seni parçalara ayıracak!</Word>
    <Word Title="Hunger_Greetings3">Kardeşlerimi görüyor musun? Susadılar ama onların susuzluğu daha farklı. Eğlenmeye hasretler. Ama onların açlıkları benimkinin yanında bir hiç!</Word>
    <Word Title="Hunger_AfterWin">Yaratıcı, sen bana yiyecek gönderdin ama bu yetmez. Benim açlığım ebedi, bana kurtuluş ver...</Word>
    <Word Title="Hunger_AfterLoss">Seçilmiş kişi olduğun için, sana yanımda kalıp ziyafet etmen için son bir şans vereceğim. Aksi takdirde kemiklerin tozun içinde diğerlerininkine karışacak.</Word>
    <Word Title="RAIDBOSS_Hunger">KARCER</Word>
    <Word Title="RAIDBOSS_Hunger_Title">Karcer</Word>
    <Word Title="hintHunger">Karcer ile savaşa girmek için gerekli</Word>
    <Word Title="PotionLife">Şifalı Asma</Word>
    <Word Title="PotionLegend">Anka kuşu</Word>
    <Word Title="Potion_life_desc">Sağlık Yenilenmesi</Word>
    <Word Title="Potion_legend_desc">3 etki 1 arada</Word>
    <Word Title="Potion_life_hint">1 raunt esnasında biraz hasar aldıktan sonra sağlığı yeniler</Word>
    <Word Title="Potion_legend_hint">"Kayalık", "Sihir Kaynağı", Çelik Kirpi" iksirlerinin etkilerini birleştirir. 1 tur çalışır</Word>	
    <Word Title="NY19_announce">Yer Altının 3. aşamasına gel! Yeni boss ile dövüş ve Noel eşyaları kazan!</Word>		
    <Word Title="OK">OK</Word>
    <Word Title="raidUpdateVersionMessage">Yeni sürüm mevcut. Eğer güncelleme henüz mağazada mevcut değilse yakında açılacaktır. Lütfen bu dönemde uygulamayı silmeyin. Sabrınız için teşekkür ederiz.</Word>	 
    <Word Title="SERVER_RESPONSE_ERROR">Sunucu yanıt hatası</Word>
  <Word Title="RANGED_RAID_VOLCANO_SET">Ejderha Gözyaşı</Word>
	</Words>
</Localization>